Workbook

Sheet 00000

Sheet KD
A1: ELEMEN
A3: No | B3: Elemen
A4: 1 | B4: Memahami konsep dasar basis data
A5: 2 | B5: Mendeskripsikan Model Data dan Hubungan Antar Entitas
A6: 3 | B6: Mengimplementasikan Relasi Data
A7: 4
A8: 5
A9: 6
A10: 7
A11: 8
A12: 9
A13: 10
A14: 11
A15: 12
A16: 13
A17: 14
A19: =A1 -> ELEMEN
A21: No | B21: =B3 -> Elemen
A22: 1 | B22: =B4 -> Memahami konsep dasar basis data
A23: 2 | B23: =B5 -> Mendeskripsikan Model Data dan Hubungan Antar Entitas
A24: 3 | B24: =B6 -> Mengimplementasikan Relasi Data
A25: 4 | B25: =B7
A26: 5 | B26: =B8
A27: 6 | B27: =B9
A28: 7 | B28: =B10
A29: 8 | B29: =B11
A30: 9 | B30: =B12
A31: 10 | B31: =B13
A32: 11 | B32: =B14
A33: 12 | B33: =B15
... A35: 14 | B35: =B17

Sheet Pengetahuan (rincian)
A1: XIE RPL | AV1: Confidential
C2: ="DAFTAR RINCI NILAI PESERTA DIDIK KELAS "&A1 -> DAFTAR RINCI NILAI PESERTA DIDIK KELAS XIE RPL
C3: SMK TELKOM BANJARBARU
C4: TAHUN PELAJARAN 2025-2026
A6: MATA PELAJARAN : | D6: BASIS DATA | AV6: SEMESTER : GANJIL
A9: NO | B9: NOMOR INDUK | D9: NAMA SISWA | E9: NILAI PADA MASING-MASING ELEMEN | AU9: NILAI UUS
E10: =KD!B4 -> Memahami konsep dasar basis data | H10: =KD!B5 -> Mendeskripsikan Model Data dan Hubungan Antar Entitas | K10: =KD!B6 -> Mengimplementasikan Relasi Data | N10: =KD!B7 | Q10: =KD!B8 | T10: =KD!B9 | W10: =KD!B10 | Z10: =KD!B11 | AC10: =KD!B12 | AF10: =KD!B13 | AI10: =KD!B14 | AL10: =KD!B15 | AO10: =KD!B16 | AR10: =KD!B17 | AU10: NH | AV10: PTS | AX10: PAS/PAB
E11: NS | F11: R | G11: NA | H11: NS | I11: R | J11: NA | K11: NS | L11: R | M11: NA | N11: NS | O11: R | P11: NA | Q11: NS | R11: R | S11: NA | T11: NS | U11: R | V11: NA | W11: NS | X11: R | Y11: NA | Z11: NS | AA11: R | AB11: NA | AC11: NS | AD11: R | AE11: NA | AF11: NS | AG11: R | AH11: NA | AI11: NS | AJ11: R | AK11: NA | AL11: NS | AM11: R | AN11: NA | AO11: NS | AP11: R | AQ11: NA | AR11: NS | AS11: R | AT11: NA | AV11: NS | AW11: R | AX11: NS | AY11: R
A12: 1 | B12: 543241108 | D12: AHMAD FAIZH GIFFARY SYA'BANA | E12: 90 | G12: =IF(E12="","",MAX(E12:F12)) -> 90 | H12: 80 | J12: =IF(H12="","",MAX(H12:I12)) -> 80 | K12: 90 | M12: =IF(K12="","",MAX(K12:L12)) -> 90 | P12: =IF(N12="","",MAX(N12:O12)) | S12: =IF(Q12="","",MAX(Q12:R12)) | V12: =IF(T12="","",MAX(T12:U12)) | Y12: =IF(W12="","",MAX(W12:X12)) | AB12: =IF(Z12="","",MAX(Z12:AA12)) | AE12: =IF(AC12="","",MAX(AC12:AD12)) | AH12: =IF(AF12="","",MAX(AF12:AG12)) | AK12: =IF(AI12="","",MAX(AI12:AJ12)) | AN12: =IF(AL12="","",MAX(AL12:AM12)) | AQ12: =IF(AO12="","",MAX(AO12:AP12)) | AT12: =IF(AR12="","",MAX(AR12:AS12)) | AU12: =IF(E12="","",ROUND(AVERAGE(G12,J12,M12,P12,S12,V12,Y12,AB12,AE12,AH12,AK12,AN12,AQ12,AT12),0)) -> 87 | AV12: 80 | AX12: 90
A13: 2 | B13: 543241071 | D13: AHMAD SAJIDAN ATHAILLAH | E13: 90 | G13: =IF(E13="","",MAX(E13:F13)) -> 90 | H13: 80 | J13: =IF(H13="","",MAX(H13:I13)) -> 80 | K13: 90 | M13: =IF(K13="","",MAX(K13:L13)) -> 90 | P13: =IF(N13="","",MAX(N13:O13)) | S13: =IF(Q13="","",MAX(Q13:R13)) | V13: =IF(T13="","",MAX(T13:U13)) | Y13: =IF(W13="","",MAX(W13:X13)) | AB13: =IF(Z13="","",MAX(Z13:AA13)) | AE13: =IF(AC13="","",MAX(AC13:AD13)) | AH13: =IF(AF13="","",MAX(AF13:AG13)) | AK13: =IF(AI13="","",MAX(AI13:AJ13)) | AN13: =IF(AL13="","",MAX(AL13:AM13)) | AQ13: =IF(AO13="","",MAX(AO13:AP13)) | AT13: =IF(AR13="","",MAX(AR13:AS13)) | AU13: =IF(E13="","",ROUND(AVERAGE(G13,J13,M13,P13,S13,V13,Y13,AB13,AE13,AH13,AK13,AN13,AQ13,AT13),0)) -> 87 | AV13: 80 | AX13: 90
A14: 3 | B14: 543241110 | D14: AKHMAD SUPRIYADI | E14: 92 | G14: =IF(E14="","",MAX(E14:F14)) -> 92 | H14: 95 | J14: =IF(H14="","",MAX(H14:I14)) -> 95 | K14: 92 | M14: =IF(K14="","",MAX(K14:L14)) -> 92 | P14: =IF(N14="","",MAX(N14:O14)) | S14: =IF(Q14="","",MAX(Q14:R14)) | V14: =IF(T14="","",MAX(T14:U14)) | Y14: =IF(W14="","",MAX(W14:X14)) | AB14: =IF(Z14="","",MAX(Z14:AA14)) | AE14: =IF(AC14="","",MAX(AC14:AD14)) | AH14: =IF(AF14="","",MAX(AF14:AG14)) | AK14: =IF(AI14="","",MAX(AI14:AJ14)) | AN14: =IF(AL14="","",MAX(AL14:AM14)) | AQ14: =IF(AO14="","",MAX(AO14:AP14)) | AT14: =IF(AR14="","",MAX(AR14:AS14)) | AU14: =IF(E14="","",ROUND(AVERAGE(G14,J14,M14,P14,S14,V14,Y14,AB14,AE14,AH14,AK14,AN14,AQ14,AT14),0)) -> 93 | AV14: 95 | AX14: 92
A15: 4 | B15: 543241112 | D15: ALFIAH RAHMAWATI PUTRI | E15: 95 | G15: =IF(E15="","",MAX(E15:F15)) -> 95 | H15: 93 | J15: =IF(H15="","",MAX(H15:I15)) -> 93 | K15: 95 | M15: =IF(K15="","",MAX(K15:L15)) -> 95 | P15: =IF(N15="","",MAX(N15:O15)) | S15: =IF(Q15="","",MAX(Q15:R15)) | V15: =IF(T15="","",MAX(T15:U15)) | Y15: =IF(W15="","",MAX(W15:X15)) | AB15: =IF(Z15="","",MAX(Z15:AA15)) | AE15: =IF(AC15="","",MAX(AC15:AD15)) | AH15: =IF(AF15="","",MAX(AF15:AG15)) | AK15: =IF(AI15="","",MAX(AI15:AJ15)) | AN15: =IF(AL15="","",MAX(AL15:AM15)) | AQ15: =IF(AO15="","",MAX(AO15:AP15)) | AT15: =IF(AR15="","",MAX(AR15:AS15)) | AU15: =IF(E15="","",ROUND(AVERAGE(G15,J15,M15,P15,S15,V15,Y15,AB15,AE15,AH15,AK15,AN15,AQ15,AT15),0)) -> 94 | AV15: 93 | AX15: 95
A16: 5 | B16: 543241113 | D16: ARMAN DUARTE | E16: 92 | G16: =IF(E16="","",MAX(E16:F16)) -> 92 | H16: 95 | J16: =IF(H16="","",MAX(H16:I16)) -> 95 | K16: 92 | M16: =IF(K16="","",MAX(K16:L16)) -> 92 | P16: =IF(N16="","",MAX(N16:O16)) | S16: =IF(Q16="","",MAX(Q16:R16)) | V16: =IF(T16="","",MAX(T16:U16)) | Y16: =IF(W16="","",MAX(W16:X16)) | AB16: =IF(Z16="","",MAX(Z16:AA16)) | AE16: =IF(AC16="","",MAX(AC16:AD16)) | AH16: =IF(AF16="","",MAX(AF16:AG16)) | AK16: =IF(AI16="","",MAX(AI16:AJ16)) | AN16: =IF(AL16="","",MAX(AL16:AM16)) | AQ16: =IF(AO16="","",MAX(AO16:AP16)) | AT16: =IF(AR16="","",MAX(AR16:AS16)) | AU16: =IF(E16="","",ROUND(AVERAGE(G16,J16,M16,P16,S16,V16,Y16,AB16,AE16,AH16,AK16,AN16,AQ16,AT16),0)) -> 93 | AV16: 95 | AX16: 92
A17: 6 | B17: 543241114 | D17: AULIA AGUSTIANTI RAMADHANI | E17: 95 | G17: =IF(E17="","",MAX(E17:F17)) -> 95 | H17: 93 | J17: =IF(H17="","",MAX(H17:I17)) -> 93 | K17: 95 | M17: =IF(K17="","",MAX(K17:L17)) -> 95 | P17: =IF(N17="","",MAX(N17:O17)) | S17: =IF(Q17="","",MAX(Q17:R17)) | V17: =IF(T17="","",MAX(T17:U17)) | Y17: =IF(W17="","",MAX(W17:X17)) | AB17: =IF(Z17="","",MAX(Z17:AA17)) | AE17: =IF(AC17="","",MAX(AC17:AD17)) | AH17: =IF(AF17="","",MAX(AF17:AG17)) | AK17: =IF(AI17="","",MAX(AI17:AJ17)) | AN17: =IF(AL17="","",MAX(AL17:AM17)) | AQ17: =IF(AO17="","",MAX(AO17:AP17)) | AT17: =IF(AR17="","",MAX(AR17:AS17)) | AU17: =IF(E17="","",ROUND(AVERAGE(G17,J17,M17,P17,S17,V17,Y17,AB17,AE17,AH17,AK17,AN17,AQ17,AT17),0)) -> 94 | AV17: 93 | AX17: 95
A18: 7 | B18: 543241025 | D18: BETARUS MARCHIANO BOANERGES | E18: 90 | G18: =IF(E18="","",MAX(E18:F18)) -> 90 | H18: 95 | J18: =IF(H18="","",MAX(H18:I18)) -> 95 | K18: 90 | M18: =IF(K18="","",MAX(K18:L18)) -> 90 | P18: =IF(N18="","",MAX(N18:O18)) | S18: =IF(Q18="","",MAX(Q18:R18)) | V18: =IF(T18="","",MAX(T18:U18)) | Y18: =IF(W18="","",MAX(W18:X18)) | AB18: =IF(Z18="","",MAX(Z18:AA18)) | AE18: =IF(AC18="","",MAX(AC18:AD18)) | AH18: =IF(AF18="","",MAX(AF18:AG18)) | AK18: =IF(AI18="","",MAX(AI18:AJ18)) | AN18: =IF(AL18="","",MAX(AL18:AM18)) | AQ18: =IF(AO18="","",MAX(AO18:AP18)) | AT18: =IF(AR18="","",MAX(AR18:AS18)) | AU18: =IF(E18="","",ROUND(AVERAGE(G18,J18,M18,P18,S18,V18,Y18,AB18,AE18,AH18,AK18,AN18,AQ18,AT18),0)) -> 92 | AV18: 95 | AX18: 90
A19: 8 | B19: 543241078 | D19: DANIEL DIMAS NUGROHO | E19: 88 | G19: =IF(E19="","",MAX(E19:F19)) -> 88 | H19: 95 | J19: =IF(H19="","",MAX(H19:I19)) -> 95 | K19: 88 | M19: =IF(K19="","",MAX(K19:L19)) -> 88 | P19: =IF(N19="","",MAX(N19:O19)) | S19: =IF(Q19="","",MAX(Q19:R19)) | V19: =IF(T19="","",MAX(T19:U19)) | Y19: =IF(W19="","",MAX(W19:X19)) | AB19: =IF(Z19="","",MAX(Z19:AA19)) | AE19: =IF(AC19="","",MAX(AC19:AD19)) | AH19: =IF(AF19="","",MAX(AF19:AG19)) | AK19: =IF(AI19="","",MAX(AI19:AJ19)) | AN19: =IF(AL19="","",MAX(AL19:AM19)) | AQ19: =IF(AO19="","",MAX(AO19:AP19)) | AT19: =IF(AR19="","",MAX(AR19:AS19)) | AU19: =IF(E19="","",ROUND(AVERAGE(G19,J19,M19,P19,S19,V19,Y19,AB19,AE19,AH19,AK19,AN19,AQ19,AT19),0)) -> 90 | AV19: 95 | AX19: 88
A20: 9 | B20: 543241080 | D20: DEDE FEBRYLIANTONI | E20: 88 | G20: =IF(E20="","",MAX(E20:F20)) -> 88 | H20: 95 | J20: =IF(H20="","",MAX(H20:I20)) -> 95 | K20: 88 | M20: =IF(K20="","",MAX(K20:L20)) -> 88 | P20: =IF(N20="","",MAX(N20:O20)) | S20: =IF(Q20="","",MAX(Q20:R20)) | V20: =IF(T20="","",MAX(T20:U20)) | Y20: =IF(W20="","",MAX(W20:X20)) | AB20: =IF(Z20="","",MAX(Z20:AA20)) | AE20: =IF(AC20="","",MAX(AC20:AD20)) | AH20: =IF(AF20="","",MAX(AF20:AG20)) | AK20: =IF(AI20="","",MAX(AI20:AJ20)) | AN20: =IF(AL20="","",MAX(AL20:AM20)) | AQ20: =IF(AO20="","",MAX(AO20:AP20)) | AT20: =IF(AR20="","",MAX(AR20:AS20)) | AU20: =IF(E20="","",ROUND(AVERAGE(G20,J20,M20,P20,S20,V20,Y20,AB20,AE20,AH20,AK20,AN20,AQ20,AT20),0)) -> 90 | AV20: 95 | AX20: 88
A21: 10 | B21: 543241081 | D21: GHANIY PUTRI AR RAZZAQ | E21: 95 | G21: =IF(E21="","",MAX(E21:F21)) -> 95 | H21: 90 | J21: =IF(H21="","",MAX(H21:I21)) -> 90 | K21: 95 | M21: =IF(K21="","",MAX(K21:L21)) -> 95 | P21: =IF(N21="","",MAX(N21:O21)) | S21: =IF(Q21="","",MAX(Q21:R21)) | V21: =IF(T21="","",MAX(T21:U21)) | Y21: =IF(W21="","",MAX(W21:X21)) | AB21: =IF(Z21="","",MAX(Z21:AA21)) | AE21: =IF(AC21="","",MAX(AC21:AD21)) | AH21: =IF(AF21="","",MAX(AF21:AG21)) | AK21: =IF(AI21="","",MAX(AI21:AJ21)) | AN21: =IF(AL21="","",MAX(AL21:AM21)) | AQ21: =IF(AO21="","",MAX(AO21:AP21)) | AT21: =IF(AR21="","",MAX(AR21:AS21)) | AU21: =IF(E21="","",ROUND(AVERAGE(G21,J21,M21,P21,S21,V21,Y21,AB21,AE21,AH21,AK21,AN21,AQ21,AT21),0)) -> 93 | AV21: 90 | AX21: 95
A22: 11 | B22: 543241119 | D22: HAIKA MEZZIA AVEIRA | E22: 95 | G22: =IF(E22="","",MAX(E22:F22)) -> 95 | H22: 95 | J22: =IF(H22="","",MAX(H22:I22)) -> 95 | K22: 95 | M22: =IF(K22="","",MAX(K22:L22)) -> 95 | P22: =IF(N22="","",MAX(N22:O22)) | S22: =IF(Q22="","",MAX(Q22:R22)) | V22: =IF(T22="","",MAX(T22:U22)) | Y22: =IF(W22="","",MAX(W22:X22)) | AB22: =IF(Z22="","",MAX(Z22:AA22)) | AE22: =IF(AC22="","",MAX(AC22:AD22)) | AH22: =IF(AF22="","",MAX(AF22:AG22)) | AK22: =IF(AI22="","",MAX(AI22:AJ22)) | AN22: =IF(AL22="","",MAX(AL22:AM22)) | AQ22: =IF(AO22="","",MAX(AO22:AP22)) | AT22: =IF(AR22="","",MAX(AR22:AS22)) | AU22: =IF(E22="","",ROUND(AVERAGE(G22,J22,M22,P22,S22,V22,Y22,AB22,AE22,AH22,AK22,AN22,AQ22,AT22),0)) -> 95 | AV22: 95 | AX22: 95
A23: 12 | B23: 543241009 | D23: KEVIN APTA | E23: 95 | G23: =IF(E23="","",MAX(E23:F23)) -> 95 | H23: 90 | J23: =IF(H23="","",MAX(H23:I23)) -> 90 | K23: 95 | M23: =IF(K23="","",MAX(K23:L23)) -> 95 | P23: =IF(N23="","",MAX(N23:O23)) | S23: =IF(Q23="","",MAX(Q23:R23)) | V23: =IF(T23="","",MAX(T23:U23)) | Y23: =IF(W23="","",MAX(W23:X23)) | AB23: =IF(Z23="","",MAX(Z23:AA23)) | AE23: =IF(AC23="","",MAX(AC23:AD23)) | AH23: =IF(AF23="","",MAX(AF23:AG23)) | AK23: =IF(AI23="","",MAX(AI23:AJ23)) | AN23: =IF(AL23="","",MAX(AL23:AM23)) | AQ23: =IF(AO23="","",MAX(AO23:AP23)) | AT23: =IF(AR23="","",MAX(AR23:AS23)) | AU23: =IF(E23="","",ROUND(AVERAGE(G23,J23,M23,P23,S23,V23,Y23,AB23,AE23,AH23,AK23,AN23,AQ23,AT23),0)) -> 93 | AV23: 90 | AX23: 95
... A49: 38 | B49: 543241020 | D49: YEFTA CHRISTIAN LENGKONG | E49: 88 | G49: =IF(E49="","",MAX(E49:F49)) -> 88 | H49: 93 | J49: =IF(H49="","",MAX(H49:I49)) -> 93 | K49: 88 | M49: =IF(K49="","",MAX(K49:L49)) -> 88 | P49: =IF(N49="","",MAX(N49:O49)) | S49: =IF(Q49="","",MAX(Q49:R49)) | V49: =IF(T49="","",MAX(T49:U49)) | Y49: =IF(W49="","",MAX(W49:X49)) | AB49: =IF(Z49="","",MAX(Z49:AA49)) | AE49: =IF(AC49="","",MAX(AC49:AD49)) | AH49: =IF(AF49="","",MAX(AF49:AG49)) | AK49: =IF(AI49="","",MAX(AI49:AJ49)) | AN49: =IF(AL49="","",MAX(AL49:AM49)) | AQ49: =IF(AO49="","",MAX(AO49:AP49)) | AT49: =IF(AR49="","",MAX(AR49:AS49)) | AU49: =IF(E49="","",ROUND(AVERAGE(G49,J49,M49,P49,S49,V49,Y49,AB49,AE49,AH49,AK49,AN49,AQ49,AT49),0)) -> 90 | AV49: 93 | AX49: 88
A50: 39 | G50: =IF(E50="","",MAX(E50:F50)) | J50: =IF(H50="","",MAX(H50:I50)) | M50: =IF(K50="","",MAX(K50:L50)) | P50: =IF(N50="","",MAX(N50:O50)) | S50: =IF(Q50="","",MAX(Q50:R50)) | V50: =IF(T50="","",MAX(T50:U50)) | Y50: =IF(W50="","",MAX(W50:X50)) | AB50: =IF(Z50="","",MAX(Z50:AA50)) | AE50: =IF(AC50="","",MAX(AC50:AD50)) | AH50: =IF(AF50="","",MAX(AF50:AG50)) | AK50: =IF(AI50="","",MAX(AI50:AJ50)) | AN50: =IF(AL50="","",MAX(AL50:AM50)) | AQ50: =IF(AO50="","",MAX(AO50:AP50)) | AT50: =IF(AR50="","",MAX(AR50:AS50)) | AU50: =IF(E50="","",ROUND(AVERAGE(G50,J50,M50,P50,S50,V50,Y50,AB50,AE50,AH50,AK50,AN50,AQ50,AT50),0))
A51: 40 | G51: =IF(E51="","",MAX(E51:F51)) | J51: =IF(H51="","",MAX(H51:I51)) | M51: =IF(K51="","",MAX(K51:L51)) | P51: =IF(N51="","",MAX(N51:O51)) | S51: =IF(Q51="","",MAX(Q51:R51)) | V51: =IF(T51="","",MAX(T51:U51)) | Y51: =IF(W51="","",MAX(W51:X51)) | AB51: =IF(Z51="","",MAX(Z51:AA51)) | AE51: =IF(AC51="","",MAX(AC51:AD51)) | AH51: =IF(AF51="","",MAX(AF51:AG51)) | AK51: =IF(AI51="","",MAX(AI51:AJ51)) | AN51: =IF(AL51="","",MAX(AL51:AM51)) | AQ51: =IF(AO51="","",MAX(AO51:AP51)) | AT51: =IF(AR51="","",MAX(AR51:AS51)) | AU51: =IF(E51="","",ROUND(AVERAGE(G51,J51,M51,P51,S51,V51,Y51,AB51,AE51,AH51,AK51,AN51,AQ51,AT51),0))
A53: Keterangan :
A54: 1 | B54: Isian ini digunakan untuk membantu mengisi penilaian pengetahuan | N54: Banjarbaru, Agustus 2025
A55: 2 | B55: Isikan hasil penilaian harian sesuai dengan kompetensi dasar (0 - 100) | N55: Guru Mata Pelajaran
A56: 3 | B56: NS : Nilai Semula | D56: NH : Nilai Harian
B57: R : Nilai Remedial | D57: UTS : Nilai UTS
B58: NA : Nilai Akhir KD | D58: UAS : Nilai UAS
A60: Copyright Ó SMKTelkom SP – Juli 2014 Ver 1.0

Sheet Rekap Pengetahuan
A8: NO | B8: NILAI KOMPETENSI DASAR PADA KI-3 | Q8: NILAI UUS | S8: NA | T8: NR | U8: Predikat | V8: Yang menonjol | X8: Yang kurang | Z8: DESKRIPSI
B9: =IF('Pengetahuan (rincian)'!E10="","",'Pengetahuan (rincian)'!E10) -> Memahami konsep dasar basis data | C9: =IF('Pengetahuan (rincian)'!H10="","",'Pengetahuan (rincian)'!H10) -> Mendeskripsikan Model Data dan Hubungan Antar Entitas | D9: =IF('Pengetahuan (rincian)'!K10="","",'Pengetahuan (rincian)'!K10) -> Mengimplementasikan Relasi Data | E9: =IF('Pengetahuan (rincian)'!N10="","",'Pengetahuan (rincian)'!N10) | F9: =IF('Pengetahuan (rincian)'!Q10="","",'Pengetahuan (rincian)'!Q10) | G9: =IF('Pengetahuan (rincian)'!T10="","",'Pengetahuan (rincian)'!T10) | H9: =IF('Pengetahuan (rincian)'!W10="","",'Pengetahuan (rincian)'!W10) | I9: =IF('Pengetahuan (rincian)'!Z10="","",'Pengetahuan (rincian)'!Z10) | J9: =IF('Pengetahuan (rincian)'!AC10="","",'Pengetahuan (rincian)'!AC10) | K9: =IF('Pengetahuan (rincian)'!AF10="","",'Pengetahuan (rincian)'!AF10) | L9: =IF('Pengetahuan (rincian)'!AI10="","",'Pengetahuan (rincian)'!AI10) | M9: =IF('Pengetahuan (rincian)'!AL10="","",'Pengetahuan (rincian)'!AL10) | N9: =IF('Pengetahuan (rincian)'!AO10="","",'Pengetahuan (rincian)'!AO10) | O9: =IF('Pengetahuan (rincian)'!AR10="","",'Pengetahuan (rincian)'!AR10) | P9: NH | Q9: UTS | R9: UAS
B10: NA | C10: NA | D10: NA | E10: NA | F10: NA | G10: NA | H10: NA | I10: NA | J10: NA | K10: NA | L10: NA | M10: NA | N10: NA | O10: NA | Q10: NA | R10: NA
A11: 1 | B11: =IF('Pengetahuan (rincian)'!G12="","",'Pengetahuan (rincian)'!G12) -> 90 | C11: =IF('Pengetahuan (rincian)'!J12="","",'Pengetahuan (rincian)'!J12) -> 80 | D11: =IF('Pengetahuan (rincian)'!M12="","",'Pengetahuan (rincian)'!M12) -> 90 | E11: =IF('Pengetahuan (rincian)'!P12="","",'Pengetahuan (rincian)'!P12) | F11: =IF('Pengetahuan (rincian)'!S12="","",'Pengetahuan (rincian)'!S12) | G11: =IF('Pengetahuan (rincian)'!V12="","",'Pengetahuan (rincian)'!V12) | H11: =IF('Pengetahuan (rincian)'!Y12="","",'Pengetahuan (rincian)'!Y12) | I11: =IF('Pengetahuan (rincian)'!AB12="","",'Pengetahuan (rincian)'!AB12) | J11: =IF('Pengetahuan (rincian)'!AE12="","",'Pengetahuan (rincian)'!AE12) | K11: =IF('Pengetahuan (rincian)'!AH12="","",'Pengetahuan (rincian)'!AH12) | L11: =IF('Pengetahuan (rincian)'!AK12="","",'Pengetahuan (rincian)'!AK12) | M11: =IF('Pengetahuan (rincian)'!AN12="","",'Pengetahuan (rincian)'!AN12) | N11: =IF('Pengetahuan (rincian)'!AQ12="","",'Pengetahuan (rincian)'!AQ12) | O11: =IF('Pengetahuan (rincian)'!AT12="","",'Pengetahuan (rincian)'!AT12) | P11: =IF(B11="","",ROUND(AVERAGE(B11:O11),0)) -> 87 | Q11: =IF('Pengetahuan (rincian)'!AV12="","",ROUND(MAX('Pengetahuan (rincian)'!AV12:AW12),0)) -> 80 | R11: =IF('Pengetahuan (rincian)'!AX12="","",ROUND(MAX('Pengetahuan (rincian)'!AX12:AY12),0)) -> 90 | S11: =IF(P11="","",ROUND((3*P11+Q11+R11)/5,0)) -> 86 | T11: =IF(S11="","",IF(S11>=96,4,IF(S11>=91,3.66,IF(S11>=86,3.33,IF(S11>=81,3,IF(S11>=75,2.66,IF(S11>=70,2.33,IF(S11>=65,2,IF(S11>=60,1.66,IF(S11>=55,1.33,1)))))))))) -> 3.33 | U11: =IF(T11="","",IF(T11=4,"A",IF(T11=3.66,"A-",IF(T11=3.33,"B+",IF(T11=3,"B",IF(T11=2.66,"B-",IF(T11=2.33,"C+",IF(T11=2,"C",IF(T11=1.66,"C-",IF(T11=1.33,"D+","D")))))))))) -> B+ | V11: =MAX(B11:G11) -> 90 | W11: =INDEX($B$9:$O$9,1,MATCH(MAX(B11:O11),B11:O11,0)) -> Memahami konsep dasar basis data | X11: =MIN(B11:O11) -> 80 | Y11: =INDEX($B$9:$O$9,1,MATCH(MIN(B11:O11),B11:O11,0)) -> Mendeskripsikan Model Data dan Hubungan Antar Entitas | Z11: =IF(OR(U11="C+",U11="C",U11="C-",U11="D+",U11="D"),CONCATENATE("Belum memahami sebagian besar kompetensi, terutama kurang dalam ",Y11),IF(OR(U11="A",U11="A-"),CONCATENATE("Sudah memahami seluruh kompetensi, terutama sangat baik dalam ",W11),IF(OR(U11="B+",U11="B",U11="B-"),CONCATENATE(IF(X11<80,CONCATENATE("Sudah memahami sebagian besar kompetensi, terutama dalam ",W11,", namun dalam ",Y11," perlu ditingkatkan"),CONCATENATE("Sudah memahami seluruh kompetensi, terutama dalam ",W11)),"")))) -> Sudah memahami seluruh kompetensi, terutama dalam Memahami konsep dasar basis data
A12: 2 | B12: =IF('Pengetahuan (rincian)'!G13="","",'Pengetahuan (rincian)'!G13) -> 90 | C12: =IF('Pengetahuan (rincian)'!J13="","",'Pengetahuan (rincian)'!J13) -> 80 | D12: =IF('Pengetahuan (rincian)'!M13="","",'Pengetahuan (rincian)'!M13) -> 90 | E12: =IF('Pengetahuan (rincian)'!P13="","",'Pengetahuan (rincian)'!P13) | F12: =IF('Pengetahuan (rincian)'!S13="","",'Pengetahuan (rincian)'!S13) | G12: =IF('Pengetahuan (rincian)'!V13="","",'Pengetahuan (rincian)'!V13) | H12: =IF('Pengetahuan (rincian)'!Y13="","",'Pengetahuan (rincian)'!Y13) | I12: =IF('Pengetahuan (rincian)'!AB13="","",'Pengetahuan (rincian)'!AB13) | J12: =IF('Pengetahuan (rincian)'!AE13="","",'Pengetahuan (rincian)'!AE13) | K12: =IF('Pengetahuan (rincian)'!AH13="","",'Pengetahuan (rincian)'!AH13) | L12: =IF('Pengetahuan (rincian)'!AK13="","",'Pengetahuan (rincian)'!AK13) | M12: =IF('Pengetahuan (rincian)'!AN13="","",'Pengetahuan (rincian)'!AN13) | N12: =IF('Pengetahuan (rincian)'!AQ13="","",'Pengetahuan (rincian)'!AQ13) | O12: =IF('Pengetahuan (rincian)'!AT13="","",'Pengetahuan (rincian)'!AT13) | P12: =IF(B12="","",ROUND(AVERAGE(B12:O12),0)) -> 87 | Q12: =IF('Pengetahuan (rincian)'!AV13="","",ROUND(MAX('Pengetahuan (rincian)'!AV13:AW13),0)) -> 80 | R12: =IF('Pengetahuan (rincian)'!AX13="","",ROUND(MAX('Pengetahuan (rincian)'!AX13:AY13),0)) -> 90 | S12: =IF(P12="","",ROUND((3*P12+Q12+R12)/5,0)) -> 86 | T12: =IF(S12="","",IF(S12>=96,4,IF(S12>=91,3.66,IF(S12>=86,3.33,IF(S12>=81,3,IF(S12>=75,2.66,IF(S12>=70,2.33,IF(S12>=65,2,IF(S12>=60,1.66,IF(S12>=55,1.33,1)))))))))) -> 3.33 | U12: =IF(T12="","",IF(T12=4,"A",IF(T12=3.66,"A-",IF(T12=3.33,"B+",IF(T12=3,"B",IF(T12=2.66,"B-",IF(T12=2.33,"C+",IF(T12=2,"C",IF(T12=1.66,"C-",IF(T12=1.33,"D+","D")))))))))) -> B+ | V12: =MAX(B12:G12) -> 90 | W12: =INDEX($B$9:$O$9,1,MATCH(MAX(B12:O12),B12:O12,0)) -> Memahami konsep dasar basis data | X12: =MIN(B12:O12) -> 80 | Y12: =INDEX($B$9:$O$9,1,MATCH(MIN(B12:O12),B12:O12,0)) -> Mendeskripsikan Model Data dan Hubungan Antar Entitas | Z12: =IF(OR(U12="C+",U12="C",U12="C-",U12="D+",U12="D"),CONCATENATE("Belum memahami sebagian besar kompetensi, terutama kurang dalam ",Y12),IF(OR(U12="A",U12="A-"),CONCATENATE("Sudah memahami seluruh kompetensi, terutama sangat baik dalam ",W12),IF(OR(U12="B+",U12="B",U12="B-"),CONCATENATE(IF(X12<80,CONCATENATE("Sudah memahami sebagian besar kompetensi, terutama dalam ",W12,", namun dalam ",Y12," perlu ditingkatkan"),CONCATENATE("Sudah memahami seluruh kompetensi, terutama dalam ",W12)),"")))) -> Sudah memahami seluruh kompetensi, terutama dalam Memahami konsep dasar basis data
A13: 3 | B13: =IF('Pengetahuan (rincian)'!G14="","",'Pengetahuan (rincian)'!G14) -> 92 | C13: =IF('Pengetahuan (rincian)'!J14="","",'Pengetahuan (rincian)'!J14) -> 95 | D13: =IF('Pengetahuan (rincian)'!M14="","",'Pengetahuan (rincian)'!M14) -> 92 | E13: =IF('Pengetahuan (rincian)'!P14="","",'Pengetahuan (rincian)'!P14) | F13: =IF('Pengetahuan (rincian)'!S14="","",'Pengetahuan (rincian)'!S14) | G13: =IF('Pengetahuan (rincian)'!V14="","",'Pengetahuan (rincian)'!V14) | H13: =IF('Pengetahuan (rincian)'!Y14="","",'Pengetahuan (rincian)'!Y14) | I13: =IF('Pengetahuan (rincian)'!AB14="","",'Pengetahuan (rincian)'!AB14) | J13: =IF('Pengetahuan (rincian)'!AE14="","",'Pengetahuan (rincian)'!AE14) | K13: =IF('Pengetahuan (rincian)'!AH14="","",'Pengetahuan (rincian)'!AH14) | L13: =IF('Pengetahuan (rincian)'!AK14="","",'Pengetahuan (rincian)'!AK14) | M13: =IF('Pengetahuan (rincian)'!AN14="","",'Pengetahuan (rincian)'!AN14) | N13: =IF('Pengetahuan (rincian)'!AQ14="","",'Pengetahuan (rincian)'!AQ14) | O13: =IF('Pengetahuan (rincian)'!AT14="","",'Pengetahuan (rincian)'!AT14) | P13: =IF(B13="","",ROUND(AVERAGE(B13:O13),0)) -> 93 | Q13: =IF('Pengetahuan (rincian)'!AV14="","",ROUND(MAX('Pengetahuan (rincian)'!AV14:AW14),0)) -> 95 | R13: =IF('Pengetahuan (rincian)'!AX14="","",ROUND(MAX('Pengetahuan (rincian)'!AX14:AY14),0)) -> 92 | S13: =IF(P13="","",ROUND((3*P13+Q13+R13)/5,0)) -> 93 | T13: =IF(S13="","",IF(S13>=96,4,IF(S13>=91,3.66,IF(S13>=86,3.33,IF(S13>=81,3,IF(S13>=75,2.66,IF(S13>=70,2.33,IF(S13>=65,2,IF(S13>=60,1.66,IF(S13>=55,1.33,1)))))))))) -> 3.66 | U13: =IF(T13="","",IF(T13=4,"A",IF(T13=3.66,"A-",IF(T13=3.33,"B+",IF(T13=3,"B",IF(T13=2.66,"B-",IF(T13=2.33,"C+",IF(T13=2,"C",IF(T13=1.66,"C-",IF(T13=1.33,"D+","D")))))))))) -> A- | V13: =MAX(B13:G13) -> 95 | W13: =INDEX($B$9:$O$9,1,MATCH(MAX(B13:O13),B13:O13,0)) -> Mendeskripsikan Model Data dan Hubungan Antar Entitas | X13: =MIN(B13:O13) -> 92 | Y13: =INDEX($B$9:$O$9,1,MATCH(MIN(B13:O13),B13:O13,0)) -> Memahami konsep dasar basis data | Z13: =IF(OR(U13="C+",U13="C",U13="C-",U13="D+",U13="D"),CONCATENATE("Belum memahami sebagian besar kompetensi, terutama kurang dalam ",Y13),IF(OR(U13="A",U13="A-"),CONCATENATE("Sudah memahami seluruh kompetensi, terutama sangat baik dalam ",W13),IF(OR(U13="B+",U13="B",U13="B-"),CONCATENATE(IF(X13<80,CONCATENATE("Sudah memahami sebagian besar kompetensi, terutama dalam ",W13,", namun dalam ",Y13," perlu ditingkatkan"),CONCATENATE("Sudah memahami seluruh kompetensi, terutama dalam ",W13)),"")))) -> Sudah memahami seluruh kompetensi, terutama sangat baik dalam Mendeskripsikan Model Data dan Hubungan Antar Entitas
A14: 4 | B14: =IF('Pengetahuan (rincian)'!G15="","",'Pengetahuan (rincian)'!G15) -> 95 | C14: =IF('Pengetahuan (rincian)'!J15="","",'Pengetahuan (rincian)'!J15) -> 93 | D14: =IF('Pengetahuan (rincian)'!M15="","",'Pengetahuan (rincian)'!M15) -> 95 | E14: =IF('Pengetahuan (rincian)'!P15="","",'Pengetahuan (rincian)'!P15) | F14: =IF('Pengetahuan (rincian)'!S15="","",'Pengetahuan (rincian)'!S15) | G14: =IF('Pengetahuan (rincian)'!V15="","",'Pengetahuan (rincian)'!V15) | H14: =IF('Pengetahuan (rincian)'!Y15="","",'Pengetahuan (rincian)'!Y15) | I14: =IF('Pengetahuan (rincian)'!AB15="","",'Pengetahuan (rincian)'!AB15) | J14: =IF('Pengetahuan (rincian)'!AE15="","",'Pengetahuan (rincian)'!AE15) | K14: =IF('Pengetahuan (rincian)'!AH15="","",'Pengetahuan (rincian)'!AH15) | L14: =IF('Pengetahuan (rincian)'!AK15="","",'Pengetahuan (rincian)'!AK15) | M14: =IF('Pengetahuan (rincian)'!AN15="","",'Pengetahuan (rincian)'!AN15) | N14: =IF('Pengetahuan (rincian)'!AQ15="","",'Pengetahuan (rincian)'!AQ15) | O14: =IF('Pengetahuan (rincian)'!AT15="","",'Pengetahuan (rincian)'!AT15) | P14: =IF(B14="","",ROUND(AVERAGE(B14:O14),0)) -> 94 | Q14: =IF('Pengetahuan (rincian)'!AV15="","",ROUND(MAX('Pengetahuan (rincian)'!AV15:AW15),0)) -> 93 | R14: =IF('Pengetahuan (rincian)'!AX15="","",ROUND(MAX('Pengetahuan (rincian)'!AX15:AY15),0)) -> 95 | S14: =IF(P14="","",ROUND((3*P14+Q14+R14)/5,0)) -> 94 | T14: =IF(S14="","",IF(S14>=96,4,IF(S14>=91,3.66,IF(S14>=86,3.33,IF(S14>=81,3,IF(S14>=75,2.66,IF(S14>=70,2.33,IF(S14>=65,2,IF(S14>=60,1.66,IF(S14>=55,1.33,1)))))))))) -> 3.66 | U14: =IF(T14="","",IF(T14=4,"A",IF(T14=3.66,"A-",IF(T14=3.33,"B+",IF(T14=3,"B",IF(T14=2.66,"B-",IF(T14=2.33,"C+",IF(T14=2,"C",IF(T14=1.66,"C-",IF(T14=1.33,"D+","D")))))))))) -> A- | V14: =MAX(B14:G14) -> 95 | W14: =INDEX($B$9:$O$9,1,MATCH(MAX(B14:O14),B14:O14,0)) -> Memahami konsep dasar basis data | X14: =MIN(B14:O14) -> 93 | Y14: =INDEX($B$9:$O$9,1,MATCH(MIN(B14:O14),B14:O14,0)) -> Mendeskripsikan Model Data dan Hubungan Antar Entitas | Z14: =IF(OR(U14="C+",U14="C",U14="C-",U14="D+",U14="D"),CONCATENATE("Belum memahami sebagian besar kompetensi, terutama kurang dalam ",Y14),IF(OR(U14="A",U14="A-"),CONCATENATE("Sudah memahami seluruh kompetensi, terutama sangat baik dalam ",W14),IF(OR(U14="B+",U14="B",U14="B-"),CONCATENATE(IF(X14<80,CONCATENATE("Sudah memahami sebagian besar kompetensi, terutama dalam ",W14,", namun dalam ",Y14," perlu ditingkatkan"),CONCATENATE("Sudah memahami seluruh kompetensi, terutama dalam ",W14)),"")))) -> Sudah memahami seluruh kompetensi, terutama sangat baik dalam Memahami konsep dasar basis data
A15: 5 | B15: =IF('Pengetahuan (rincian)'!G16="","",'Pengetahuan (rincian)'!G16) -> 92 | C15: =IF('Pengetahuan (rincian)'!J16="","",'Pengetahuan (rincian)'!J16) -> 95 | D15: =IF('Pengetahuan (rincian)'!M16="","",'Pengetahuan (rincian)'!M16) -> 92 | E15: =IF('Pengetahuan (rincian)'!P16="","",'Pengetahuan (rincian)'!P16) | F15: =IF('Pengetahuan (rincian)'!S16="","",'Pengetahuan (rincian)'!S16) | G15: =IF('Pengetahuan (rincian)'!V16="","",'Pengetahuan (rincian)'!V16) | H15: =IF('Pengetahuan (rincian)'!Y16="","",'Pengetahuan (rincian)'!Y16) | I15: =IF('Pengetahuan (rincian)'!AB16="","",'Pengetahuan (rincian)'!AB16) | J15: =IF('Pengetahuan (rincian)'!AE16="","",'Pengetahuan (rincian)'!AE16) | K15: =IF('Pengetahuan (rincian)'!AH16="","",'Pengetahuan (rincian)'!AH16) | L15: =IF('Pengetahuan (rincian)'!AK16="","",'Pengetahuan (rincian)'!AK16) | M15: =IF('Pengetahuan (rincian)'!AN16="","",'Pengetahuan (rincian)'!AN16) | N15: =IF('Pengetahuan (rincian)'!AQ16="","",'Pengetahuan (rincian)'!AQ16) | O15: =IF('Pengetahuan (rincian)'!AT16="","",'Pengetahuan (rincian)'!AT16) | P15: =IF(B15="","",ROUND(AVERAGE(B15:O15),0)) -> 93 | Q15: =IF('Pengetahuan (rincian)'!AV16="","",ROUND(MAX('Pengetahuan (rincian)'!AV16:AW16),0)) -> 95 | R15: =IF('Pengetahuan (rincian)'!AX16="","",ROUND(MAX('Pengetahuan (rincian)'!AX16:AY16),0)) -> 92 | S15: =IF(P15="","",ROUND((3*P15+Q15+R15)/5,0)) -> 93 | T15: =IF(S15="","",IF(S15>=96,4,IF(S15>=91,3.66,IF(S15>=86,3.33,IF(S15>=81,3,IF(S15>=75,2.66,IF(S15>=70,2.33,IF(S15>=65,2,IF(S15>=60,1.66,IF(S15>=55,1.33,1)))))))))) -> 3.66 | U15: =IF(T15="","",IF(T15=4,"A",IF(T15=3.66,"A-",IF(T15=3.33,"B+",IF(T15=3,"B",IF(T15=2.66,"B-",IF(T15=2.33,"C+",IF(T15=2,"C",IF(T15=1.66,"C-",IF(T15=1.33,"D+","D")))))))))) -> A- | V15: =MAX(B15:G15) -> 95 | W15: =INDEX($B$9:$O$9,1,MATCH(MAX(B15:O15),B15:O15,0)) -> Mendeskripsikan Model Data dan Hubungan Antar Entitas | X15: =MIN(B15:O15) -> 92 | Y15: =INDEX($B$9:$O$9,1,MATCH(MIN(B15:O15),B15:O15,0)) -> Memahami konsep dasar basis data | Z15: =IF(OR(U15="C+",U15="C",U15="C-",U15="D+",U15="D"),CONCATENATE("Belum memahami sebagian besar kompetensi, terutama kurang dalam ",Y15),IF(OR(U15="A",U15="A-"),CONCATENATE("Sudah memahami seluruh kompetensi, terutama sangat baik dalam ",W15),IF(OR(U15="B+",U15="B",U15="B-"),CONCATENATE(IF(X15<80,CONCATENATE("Sudah memahami sebagian besar kompetensi, terutama dalam ",W15,", namun dalam ",Y15," perlu ditingkatkan"),CONCATENATE("Sudah memahami seluruh kompetensi, terutama dalam ",W15)),"")))) -> Sudah memahami seluruh kompetensi, terutama sangat baik dalam Mendeskripsikan Model Data dan Hubungan Antar Entitas
A16: 6 | B16: =IF('Pengetahuan (rincian)'!G17="","",'Pengetahuan (rincian)'!G17) -> 95 | C16: =IF('Pengetahuan (rincian)'!J17="","",'Pengetahuan (rincian)'!J17) -> 93 | D16: =IF('Pengetahuan (rincian)'!M17="","",'Pengetahuan (rincian)'!M17) -> 95 | E16: =IF('Pengetahuan (rincian)'!P17="","",'Pengetahuan (rincian)'!P17) | F16: =IF('Pengetahuan (rincian)'!S17="","",'Pengetahuan (rincian)'!S17) | G16: =IF('Pengetahuan (rincian)'!V17="","",'Pengetahuan (rincian)'!V17) | H16: =IF('Pengetahuan (rincian)'!Y17="","",'Pengetahuan (rincian)'!Y17) | I16: =IF('Pengetahuan (rincian)'!AB17="","",'Pengetahuan (rincian)'!AB17) | J16: =IF('Pengetahuan (rincian)'!AE17="","",'Pengetahuan (rincian)'!AE17) | K16: =IF('Pengetahuan (rincian)'!AH17="","",'Pengetahuan (rincian)'!AH17) | L16: =IF('Pengetahuan (rincian)'!AK17="","",'Pengetahuan (rincian)'!AK17) | M16: =IF('Pengetahuan (rincian)'!AN17="","",'Pengetahuan (rincian)'!AN17) | N16: =IF('Pengetahuan (rincian)'!AQ17="","",'Pengetahuan (rincian)'!AQ17) | O16: =IF('Pengetahuan (rincian)'!AT17="","",'Pengetahuan (rincian)'!AT17) | P16: =IF(B16="","",ROUND(AVERAGE(B16:O16),0)) -> 94 | Q16: =IF('Pengetahuan (rincian)'!AV17="","",ROUND(MAX('Pengetahuan (rincian)'!AV17:AW17),0)) -> 93 | R16: =IF('Pengetahuan (rincian)'!AX17="","",ROUND(MAX('Pengetahuan (rincian)'!AX17:AY17),0)) -> 95 | S16: =IF(P16="","",ROUND((3*P16+Q16+R16)/5,0)) -> 94 | T16: =IF(S16="","",IF(S16>=96,4,IF(S16>=91,3.66,IF(S16>=86,3.33,IF(S16>=81,3,IF(S16>=75,2.66,IF(S16>=70,2.33,IF(S16>=65,2,IF(S16>=60,1.66,IF(S16>=55,1.33,1)))))))))) -> 3.66 | U16: =IF(T16="","",IF(T16=4,"A",IF(T16=3.66,"A-",IF(T16=3.33,"B+",IF(T16=3,"B",IF(T16=2.66,"B-",IF(T16=2.33,"C+",IF(T16=2,"C",IF(T16=1.66,"C-",IF(T16=1.33,"D+","D")))))))))) -> A- | V16: =MAX(B16:G16) -> 95 | W16: =INDEX($B$9:$O$9,1,MATCH(MAX(B16:O16),B16:O16,0)) -> Memahami konsep dasar basis data | X16: =MIN(B16:O16) -> 93 | Y16: =INDEX($B$9:$O$9,1,MATCH(MIN(B16:O16),B16:O16,0)) -> Mendeskripsikan Model Data dan Hubungan Antar Entitas | Z16: =IF(OR(U16="C+",U16="C",U16="C-",U16="D+",U16="D"),CONCATENATE("Belum memahami sebagian besar kompetensi, terutama kurang dalam ",Y16),IF(OR(U16="A",U16="A-"),CONCATENATE("Sudah memahami seluruh kompetensi, terutama sangat baik dalam ",W16),IF(OR(U16="B+",U16="B",U16="B-"),CONCATENATE(IF(X16<80,CONCATENATE("Sudah memahami sebagian besar kompetensi, terutama dalam ",W16,", namun dalam ",Y16," perlu ditingkatkan"),CONCATENATE("Sudah memahami seluruh kompetensi, terutama dalam ",W16)),"")))) -> Sudah memahami seluruh kompetensi, terutama sangat baik dalam Memahami konsep dasar basis data
A17: 7 | B17: =IF('Pengetahuan (rincian)'!G18="","",'Pengetahuan (rincian)'!G18) -> 90 | C17: =IF('Pengetahuan (rincian)'!J18="","",'Pengetahuan (rincian)'!J18) -> 95 | D17: =IF('Pengetahuan (rincian)'!M18="","",'Pengetahuan (rincian)'!M18) -> 90 | E17: =IF('Pengetahuan (rincian)'!P18="","",'Pengetahuan (rincian)'!P18) | F17: =IF('Pengetahuan (rincian)'!S18="","",'Pengetahuan (rincian)'!S18) | G17: =IF('Pengetahuan (rincian)'!V18="","",'Pengetahuan (rincian)'!V18) | H17: =IF('Pengetahuan (rincian)'!Y18="","",'Pengetahuan (rincian)'!Y18) | I17: =IF('Pengetahuan (rincian)'!AB18="","",'Pengetahuan (rincian)'!AB18) | J17: =IF('Pengetahuan (rincian)'!AE18="","",'Pengetahuan (rincian)'!AE18) | K17: =IF('Pengetahuan (rincian)'!AH18="","",'Pengetahuan (rincian)'!AH18) | L17: =IF('Pengetahuan (rincian)'!AK18="","",'Pengetahuan (rincian)'!AK18) | M17: =IF('Pengetahuan (rincian)'!AN18="","",'Pengetahuan (rincian)'!AN18) | N17: =IF('Pengetahuan (rincian)'!AQ18="","",'Pengetahuan (rincian)'!AQ18) | O17: =IF('Pengetahuan (rincian)'!AT18="","",'Pengetahuan (rincian)'!AT18) | P17: =IF(B17="","",ROUND(AVERAGE(B17:O17),0)) -> 92 | Q17: =IF('Pengetahuan (rincian)'!AV18="","",ROUND(MAX('Pengetahuan (rincian)'!AV18:AW18),0)) -> 95 | R17: =IF('Pengetahuan (rincian)'!AX18="","",ROUND(MAX('Pengetahuan (rincian)'!AX18:AY18),0)) -> 90 | S17: =IF(P17="","",ROUND((3*P17+Q17+R17)/5,0)) -> 92 | T17: =IF(S17="","",IF(S17>=96,4,IF(S17>=91,3.66,IF(S17>=86,3.33,IF(S17>=81,3,IF(S17>=75,2.66,IF(S17>=70,2.33,IF(S17>=65,2,IF(S17>=60,1.66,IF(S17>=55,1.33,1)))))))))) -> 3.66 | U17: =IF(T17="","",IF(T17=4,"A",IF(T17=3.66,"A-",IF(T17=3.33,"B+",IF(T17=3,"B",IF(T17=2.66,"B-",IF(T17=2.33,"C+",IF(T17=2,"C",IF(T17=1.66,"C-",IF(T17=1.33,"D+","D")))))))))) -> A- | V17: =MAX(B17:G17) -> 95 | W17: =INDEX($B$9:$O$9,1,MATCH(MAX(B17:O17),B17:O17,0)) -> Mendeskripsikan Model Data dan Hubungan Antar Entitas | X17: =MIN(B17:O17) -> 90 | Y17: =INDEX($B$9:$O$9,1,MATCH(MIN(B17:O17),B17:O17,0)) -> Memahami konsep dasar basis data | Z17: =IF(OR(U17="C+",U17="C",U17="C-",U17="D+",U17="D"),CONCATENATE("Belum memahami sebagian besar kompetensi, terutama kurang dalam ",Y17),IF(OR(U17="A",U17="A-"),CONCATENATE("Sudah memahami seluruh kompetensi, terutama sangat baik dalam ",W17),IF(OR(U17="B+",U17="B",U17="B-"),CONCATENATE(IF(X17<80,CONCATENATE("Sudah memahami sebagian besar kompetensi, terutama dalam ",W17,", namun dalam ",Y17," perlu ditingkatkan"),CONCATENATE("Sudah memahami seluruh kompetensi, terutama dalam ",W17)),"")))) -> Sudah memahami seluruh kompetensi, terutama sangat baik dalam Mendeskripsikan Model Data dan Hubungan Antar Entitas
A18: 8 | B18: =IF('Pengetahuan (rincian)'!G19="","",'Pengetahuan (rincian)'!G19) -> 88 | C18: =IF('Pengetahuan (rincian)'!J19="","",'Pengetahuan (rincian)'!J19) -> 95 | D18: =IF('Pengetahuan (rincian)'!M19="","",'Pengetahuan (rincian)'!M19) -> 88 | E18: =IF('Pengetahuan (rincian)'!P19="","",'Pengetahuan (rincian)'!P19) | F18: =IF('Pengetahuan (rincian)'!S19="","",'Pengetahuan (rincian)'!S19) | G18: =IF('Pengetahuan (rincian)'!V19="","",'Pengetahuan (rincian)'!V19) | H18: =IF('Pengetahuan (rincian)'!Y19="","",'Pengetahuan (rincian)'!Y19) | I18: =IF('Pengetahuan (rincian)'!AB19="","",'Pengetahuan (rincian)'!AB19) | J18: =IF('Pengetahuan (rincian)'!AE19="","",'Pengetahuan (rincian)'!AE19) | K18: =IF('Pengetahuan (rincian)'!AH19="","",'Pengetahuan (rincian)'!AH19) | L18: =IF('Pengetahuan (rincian)'!AK19="","",'Pengetahuan (rincian)'!AK19) | M18: =IF('Pengetahuan (rincian)'!AN19="","",'Pengetahuan (rincian)'!AN19) | N18: =IF('Pengetahuan (rincian)'!AQ19="","",'Pengetahuan (rincian)'!AQ19) | O18: =IF('Pengetahuan (rincian)'!AT19="","",'Pengetahuan (rincian)'!AT19) | P18: =IF(B18="","",ROUND(AVERAGE(B18:O18),0)) -> 90 | Q18: =IF('Pengetahuan (rincian)'!AV19="","",ROUND(MAX('Pengetahuan (rincian)'!AV19:AW19),0)) -> 95 | R18: =IF('Pengetahuan (rincian)'!AX19="","",ROUND(MAX('Pengetahuan (rincian)'!AX19:AY19),0)) -> 88 | S18: =IF(P18="","",ROUND((3*P18+Q18+R18)/5,0)) -> 91 | T18: =IF(S18="","",IF(S18>=96,4,IF(S18>=91,3.66,IF(S18>=86,3.33,IF(S18>=81,3,IF(S18>=75,2.66,IF(S18>=70,2.33,IF(S18>=65,2,IF(S18>=60,1.66,IF(S18>=55,1.33,1)))))))))) -> 3.66 | U18: =IF(T18="","",IF(T18=4,"A",IF(T18=3.66,"A-",IF(T18=3.33,"B+",IF(T18=3,"B",IF(T18=2.66,"B-",IF(T18=2.33,"C+",IF(T18=2,"C",IF(T18=1.66,"C-",IF(T18=1.33,"D+","D")))))))))) -> A- | V18: =MAX(B18:G18) -> 95 | W18: =INDEX($B$9:$O$9,1,MATCH(MAX(B18:O18),B18:O18,0)) -> Mendeskripsikan Model Data dan Hubungan Antar Entitas | X18: =MIN(B18:O18) -> 88 | Y18: =INDEX($B$9:$O$9,1,MATCH(MIN(B18:O18),B18:O18,0)) -> Memahami konsep dasar basis data | Z18: =IF(OR(U18="C+",U18="C",U18="C-",U18="D+",U18="D"),CONCATENATE("Belum memahami sebagian besar kompetensi, terutama kurang dalam ",Y18),IF(OR(U18="A",U18="A-"),CONCATENATE("Sudah memahami seluruh kompetensi, terutama sangat baik dalam ",W18),IF(OR(U18="B+",U18="B",U18="B-"),CONCATENATE(IF(X18<80,CONCATENATE("Sudah memahami sebagian besar kompetensi, terutama dalam ",W18,", namun dalam ",Y18," perlu ditingkatkan"),CONCATENATE("Sudah memahami seluruh kompetensi, terutama dalam ",W18)),"")))) -> Sudah memahami seluruh kompetensi, terutama sangat baik dalam Mendeskripsikan Model Data dan Hubungan Antar Entitas
A19: 9 | B19: =IF('Pengetahuan (rincian)'!G20="","",'Pengetahuan (rincian)'!G20) -> 88 | C19: =IF('Pengetahuan (rincian)'!J20="","",'Pengetahuan (rincian)'!J20) -> 95 | D19: =IF('Pengetahuan (rincian)'!M20="","",'Pengetahuan (rincian)'!M20) -> 88 | E19: =IF('Pengetahuan (rincian)'!P20="","",'Pengetahuan (rincian)'!P20) | F19: =IF('Pengetahuan (rincian)'!S20="","",'Pengetahuan (rincian)'!S20) | G19: =IF('Pengetahuan (rincian)'!V20="","",'Pengetahuan (rincian)'!V20) | H19: =IF('Pengetahuan (rincian)'!Y20="","",'Pengetahuan (rincian)'!Y20) | I19: =IF('Pengetahuan (rincian)'!AB20="","",'Pengetahuan (rincian)'!AB20) | J19: =IF('Pengetahuan (rincian)'!AE20="","",'Pengetahuan (rincian)'!AE20) | K19: =IF('Pengetahuan (rincian)'!AH20="","",'Pengetahuan (rincian)'!AH20) | L19: =IF('Pengetahuan (rincian)'!AK20="","",'Pengetahuan (rincian)'!AK20) | M19: =IF('Pengetahuan (rincian)'!AN20="","",'Pengetahuan (rincian)'!AN20) | N19: =IF('Pengetahuan (rincian)'!AQ20="","",'Pengetahuan (rincian)'!AQ20) | O19: =IF('Pengetahuan (rincian)'!AT20="","",'Pengetahuan (rincian)'!AT20) | P19: =IF(B19="","",ROUND(AVERAGE(B19:O19),0)) -> 90 | Q19: =IF('Pengetahuan (rincian)'!AV20="","",ROUND(MAX('Pengetahuan (rincian)'!AV20:AW20),0)) -> 95 | R19: =IF('Pengetahuan (rincian)'!AX20="","",ROUND(MAX('Pengetahuan (rincian)'!AX20:AY20),0)) -> 88 | S19: =IF(P19="","",ROUND((3*P19+Q19+R19)/5,0)) -> 91 | T19: =IF(S19="","",IF(S19>=96,4,IF(S19>=91,3.66,IF(S19>=86,3.33,IF(S19>=81,3,IF(S19>=75,2.66,IF(S19>=70,2.33,IF(S19>=65,2,IF(S19>=60,1.66,IF(S19>=55,1.33,1)))))))))) -> 3.66 | U19: =IF(T19="","",IF(T19=4,"A",IF(T19=3.66,"A-",IF(T19=3.33,"B+",IF(T19=3,"B",IF(T19=2.66,"B-",IF(T19=2.33,"C+",IF(T19=2,"C",IF(T19=1.66,"C-",IF(T19=1.33,"D+","D")))))))))) -> A- | V19: =MAX(B19:G19) -> 95 | W19: =INDEX($B$9:$O$9,1,MATCH(MAX(B19:O19),B19:O19,0)) -> Mendeskripsikan Model Data dan Hubungan Antar Entitas | X19: =MIN(B19:O19) -> 88 | Y19: =INDEX($B$9:$O$9,1,MATCH(MIN(B19:O19),B19:O19,0)) -> Memahami konsep dasar basis data | Z19: =IF(OR(U19="C+",U19="C",U19="C-",U19="D+",U19="D"),CONCATENATE("Belum memahami sebagian besar kompetensi, terutama kurang dalam ",Y19),IF(OR(U19="A",U19="A-"),CONCATENATE("Sudah memahami seluruh kompetensi, terutama sangat baik dalam ",W19),IF(OR(U19="B+",U19="B",U19="B-"),CONCATENATE(IF(X19<80,CONCATENATE("Sudah memahami sebagian besar kompetensi, terutama dalam ",W19,", namun dalam ",Y19," perlu ditingkatkan"),CONCATENATE("Sudah memahami seluruh kompetensi, terutama dalam ",W19)),"")))) -> Sudah memahami seluruh kompetensi, terutama sangat baik dalam Mendeskripsikan Model Data dan Hubungan Antar Entitas
A20: 10 | B20: =IF('Pengetahuan (rincian)'!G21="","",'Pengetahuan (rincian)'!G21) -> 95 | C20: =IF('Pengetahuan (rincian)'!J21="","",'Pengetahuan (rincian)'!J21) -> 90 | D20: =IF('Pengetahuan (rincian)'!M21="","",'Pengetahuan (rincian)'!M21) -> 95 | E20: =IF('Pengetahuan (rincian)'!P21="","",'Pengetahuan (rincian)'!P21) | F20: =IF('Pengetahuan (rincian)'!S21="","",'Pengetahuan (rincian)'!S21) | G20: =IF('Pengetahuan (rincian)'!V21="","",'Pengetahuan (rincian)'!V21) | H20: =IF('Pengetahuan (rincian)'!Y21="","",'Pengetahuan (rincian)'!Y21) | I20: =IF('Pengetahuan (rincian)'!AB21="","",'Pengetahuan (rincian)'!AB21) | J20: =IF('Pengetahuan (rincian)'!AE21="","",'Pengetahuan (rincian)'!AE21) | K20: =IF('Pengetahuan (rincian)'!AH21="","",'Pengetahuan (rincian)'!AH21) | L20: =IF('Pengetahuan (rincian)'!AK21="","",'Pengetahuan (rincian)'!AK21) | M20: =IF('Pengetahuan (rincian)'!AN21="","",'Pengetahuan (rincian)'!AN21) | N20: =IF('Pengetahuan (rincian)'!AQ21="","",'Pengetahuan (rincian)'!AQ21) | O20: =IF('Pengetahuan (rincian)'!AT21="","",'Pengetahuan (rincian)'!AT21) | P20: =IF(B20="","",ROUND(AVERAGE(B20:O20),0)) -> 93 | Q20: =IF('Pengetahuan (rincian)'!AV21="","",ROUND(MAX('Pengetahuan (rincian)'!AV21:AW21),0)) -> 90 | R20: =IF('Pengetahuan (rincian)'!AX21="","",ROUND(MAX('Pengetahuan (rincian)'!AX21:AY21),0)) -> 95 | S20: =IF(P20="","",ROUND((3*P20+Q20+R20)/5,0)) -> 93 | T20: =IF(S20="","",IF(S20>=96,4,IF(S20>=91,3.66,IF(S20>=86,3.33,IF(S20>=81,3,IF(S20>=75,2.66,IF(S20>=70,2.33,IF(S20>=65,2,IF(S20>=60,1.66,IF(S20>=55,1.33,1)))))))))) -> 3.66 | U20: =IF(T20="","",IF(T20=4,"A",IF(T20=3.66,"A-",IF(T20=3.33,"B+",IF(T20=3,"B",IF(T20=2.66,"B-",IF(T20=2.33,"C+",IF(T20=2,"C",IF(T20=1.66,"C-",IF(T20=1.33,"D+","D")))))))))) -> A- | V20: =MAX(B20:G20) -> 95 | W20: =INDEX($B$9:$O$9,1,MATCH(MAX(B20:O20),B20:O20,0)) -> Memahami konsep dasar basis data | X20: =MIN(B20:O20) -> 90 | Y20: =INDEX($B$9:$O$9,1,MATCH(MIN(B20:O20),B20:O20,0)) -> Mendeskripsikan Model Data dan Hubungan Antar Entitas | Z20: =IF(OR(U20="C+",U20="C",U20="C-",U20="D+",U20="D"),CONCATENATE("Belum memahami sebagian besar kompetensi, terutama kurang dalam ",Y20),IF(OR(U20="A",U20="A-"),CONCATENATE("Sudah memahami seluruh kompetensi, terutama sangat baik dalam ",W20),IF(OR(U20="B+",U20="B",U20="B-"),CONCATENATE(IF(X20<80,CONCATENATE("Sudah memahami sebagian besar kompetensi, terutama dalam ",W20,", namun dalam ",Y20," perlu ditingkatkan"),CONCATENATE("Sudah memahami seluruh kompetensi, terutama dalam ",W20)),"")))) -> Sudah memahami seluruh kompetensi, terutama sangat baik dalam Memahami konsep dasar basis data
A21: 11 | B21: =IF('Pengetahuan (rincian)'!G22="","",'Pengetahuan (rincian)'!G22) -> 95 | C21: =IF('Pengetahuan (rincian)'!J22="","",'Pengetahuan (rincian)'!J22) -> 95 | D21: =IF('Pengetahuan (rincian)'!M22="","",'Pengetahuan (rincian)'!M22) -> 95 | E21: =IF('Pengetahuan (rincian)'!P22="","",'Pengetahuan (rincian)'!P22) | F21: =IF('Pengetahuan (rincian)'!S22="","",'Pengetahuan (rincian)'!S22) | G21: =IF('Pengetahuan (rincian)'!V22="","",'Pengetahuan (rincian)'!V22) | H21: =IF('Pengetahuan (rincian)'!Y22="","",'Pengetahuan (rincian)'!Y22) | I21: =IF('Pengetahuan (rincian)'!AB22="","",'Pengetahuan (rincian)'!AB22) | J21: =IF('Pengetahuan (rincian)'!AE22="","",'Pengetahuan (rincian)'!AE22) | K21: =IF('Pengetahuan (rincian)'!AH22="","",'Pengetahuan (rincian)'!AH22) | L21: =IF('Pengetahuan (rincian)'!AK22="","",'Pengetahuan (rincian)'!AK22) | M21: =IF('Pengetahuan (rincian)'!AN22="","",'Pengetahuan (rincian)'!AN22) | N21: =IF('Pengetahuan (rincian)'!AQ22="","",'Pengetahuan (rincian)'!AQ22) | O21: =IF('Pengetahuan (rincian)'!AT22="","",'Pengetahuan (rincian)'!AT22) | P21: =IF(B21="","",ROUND(AVERAGE(B21:O21),0)) -> 95 | Q21: =IF('Pengetahuan (rincian)'!AV22="","",ROUND(MAX('Pengetahuan (rincian)'!AV22:AW22),0)) -> 95 | R21: =IF('Pengetahuan (rincian)'!AX22="","",ROUND(MAX('Pengetahuan (rincian)'!AX22:AY22),0)) -> 95 | S21: =IF(P21="","",ROUND((3*P21+Q21+R21)/5,0)) -> 95 | T21: =IF(S21="","",IF(S21>=96,4,IF(S21>=91,3.66,IF(S21>=86,3.33,IF(S21>=81,3,IF(S21>=75,2.66,IF(S21>=70,2.33,IF(S21>=65,2,IF(S21>=60,1.66,IF(S21>=55,1.33,1)))))))))) -> 3.66 | U21: =IF(T21="","",IF(T21=4,"A",IF(T21=3.66,"A-",IF(T21=3.33,"B+",IF(T21=3,"B",IF(T21=2.66,"B-",IF(T21=2.33,"C+",IF(T21=2,"C",IF(T21=1.66,"C-",IF(T21=1.33,"D+","D")))))))))) -> A- | V21: =MAX(B21:G21) -> 95 | W21: =INDEX($B$9:$O$9,1,MATCH(MAX(B21:O21),B21:O21,0)) -> Memahami konsep dasar basis data | X21: =MIN(B21:O21) -> 95 | Y21: =INDEX($B$9:$O$9,1,MATCH(MIN(B21:O21),B21:O21,0)) -> Memahami konsep dasar basis data | Z21: =IF(OR(U21="C+",U21="C",U21="C-",U21="D+",U21="D"),CONCATENATE("Belum memahami sebagian besar kompetensi, terutama kurang dalam ",Y21),IF(OR(U21="A",U21="A-"),CONCATENATE("Sudah memahami seluruh kompetensi, terutama sangat baik dalam ",W21),IF(OR(U21="B+",U21="B",U21="B-"),CONCATENATE(IF(X21<80,CONCATENATE("Sudah memahami sebagian besar kompetensi, terutama dalam ",W21,", namun dalam ",Y21," perlu ditingkatkan"),CONCATENATE("Sudah memahami seluruh kompetensi, terutama dalam ",W21)),"")))) -> Sudah memahami seluruh kompetensi, terutama sangat baik dalam Memahami konsep dasar basis data
A22: 12 | B22: =IF('Pengetahuan (rincian)'!G23="","",'Pengetahuan (rincian)'!G23) -> 95 | C22: =IF('Pengetahuan (rincian)'!J23="","",'Pengetahuan (rincian)'!J23) -> 90 | D22: =IF('Pengetahuan (rincian)'!M23="","",'Pengetahuan (rincian)'!M23) -> 95 | E22: =IF('Pengetahuan (rincian)'!P23="","",'Pengetahuan (rincian)'!P23) | F22: =IF('Pengetahuan (rincian)'!S23="","",'Pengetahuan (rincian)'!S23) | G22: =IF('Pengetahuan (rincian)'!V23="","",'Pengetahuan (rincian)'!V23) | H22: =IF('Pengetahuan (rincian)'!Y23="","",'Pengetahuan (rincian)'!Y23) | I22: =IF('Pengetahuan (rincian)'!AB23="","",'Pengetahuan (rincian)'!AB23) | J22: =IF('Pengetahuan (rincian)'!AE23="","",'Pengetahuan (rincian)'!AE23) | K22: =IF('Pengetahuan (rincian)'!AH23="","",'Pengetahuan (rincian)'!AH23) | L22: =IF('Pengetahuan (rincian)'!AK23="","",'Pengetahuan (rincian)'!AK23) | M22: =IF('Pengetahuan (rincian)'!AN23="","",'Pengetahuan (rincian)'!AN23) | N22: =IF('Pengetahuan (rincian)'!AQ23="","",'Pengetahuan (rincian)'!AQ23) | O22: =IF('Pengetahuan (rincian)'!AT23="","",'Pengetahuan (rincian)'!AT23) | P22: =IF(B22="","",ROUND(AVERAGE(B22:O22),0)) -> 93 | Q22: =IF('Pengetahuan (rincian)'!AV23="","",ROUND(MAX('Pengetahuan (rincian)'!AV23:AW23),0)) -> 90 | R22: =IF('Pengetahuan (rincian)'!AX23="","",ROUND(MAX('Pengetahuan (rincian)'!AX23:AY23),0)) -> 95 | S22: =IF(P22="","",ROUND((3*P22+Q22+R22)/5,0)) -> 93 | T22: =IF(S22="","",IF(S22>=96,4,IF(S22>=91,3.66,IF(S22>=86,3.33,IF(S22>=81,3,IF(S22>=75,2.66,IF(S22>=70,2.33,IF(S22>=65,2,IF(S22>=60,1.66,IF(S22>=55,1.33,1)))))))))) -> 3.66 | U22: =IF(T22="","",IF(T22=4,"A",IF(T22=3.66,"A-",IF(T22=3.33,"B+",IF(T22=3,"B",IF(T22=2.66,"B-",IF(T22=2.33,"C+",IF(T22=2,"C",IF(T22=1.66,"C-",IF(T22=1.33,"D+","D")))))))))) -> A- | V22: =MAX(B22:G22) -> 95 | W22: =INDEX($B$9:$O$9,1,MATCH(MAX(B22:O22),B22:O22,0)) -> Memahami konsep dasar basis data | X22: =MIN(B22:O22) -> 90 | Y22: =INDEX($B$9:$O$9,1,MATCH(MIN(B22:O22),B22:O22,0)) -> Mendeskripsikan Model Data dan Hubungan Antar Entitas | Z22: =IF(OR(U22="C+",U22="C",U22="C-",U22="D+",U22="D"),CONCATENATE("Belum memahami sebagian besar kompetensi, terutama kurang dalam ",Y22),IF(OR(U22="A",U22="A-"),CONCATENATE("Sudah memahami seluruh kompetensi, terutama sangat baik dalam ",W22),IF(OR(U22="B+",U22="B",U22="B-"),CONCATENATE(IF(X22<80,CONCATENATE("Sudah memahami sebagian besar kompetensi, terutama dalam ",W22,", namun dalam ",Y22," perlu ditingkatkan"),CONCATENATE("Sudah memahami seluruh kompetensi, terutama dalam ",W22)),"")))) -> Sudah memahami seluruh kompetensi, terutama sangat baik dalam Memahami konsep dasar basis data
... A50: 40 | B50: =IF('Pengetahuan (rincian)'!G51="","",'Pengetahuan (rincian)'!G51) | C50: =IF('Pengetahuan (rincian)'!J51="","",'Pengetahuan (rincian)'!J51) | D50: =IF('Pengetahuan (rincian)'!M51="","",'Pengetahuan (rincian)'!M51) | E50: =IF('Pengetahuan (rincian)'!P51="","",'Pengetahuan (rincian)'!P51) | F50: =IF('Pengetahuan (rincian)'!S51="","",'Pengetahuan (rincian)'!S51) | G50: =IF('Pengetahuan (rincian)'!V51="","",'Pengetahuan (rincian)'!V51) | H50: =IF('Pengetahuan (rincian)'!Y51="","",'Pengetahuan (rincian)'!Y51) | I50: =IF('Pengetahuan (rincian)'!AB51="","",'Pengetahuan (rincian)'!AB51) | J50: =IF('Pengetahuan (rincian)'!AE51="","",'Pengetahuan (rincian)'!AE51) | K50: =IF('Pengetahuan (rincian)'!AH51="","",'Pengetahuan (rincian)'!AH51) | L50: =IF('Pengetahuan (rincian)'!AK51="","",'Pengetahuan (rincian)'!AK51) | M50: =IF('Pengetahuan (rincian)'!AN51="","",'Pengetahuan (rincian)'!AN51) | N50: =IF('Pengetahuan (rincian)'!AQ51="","",'Pengetahuan (rincian)'!AQ51) | O50: =IF('Pengetahuan (rincian)'!AT51="","",'Pengetahuan (rincian)'!AT51) | P50: =IF(B50="","",ROUND(AVERAGE(B50:O50),0)) | Q50: =IF('Pengetahuan (rincian)'!AV51="","",ROUND(MAX('Pengetahuan (rincian)'!AV51:AW51),0)) | R50: =IF('Pengetahuan (rincian)'!AX51="","",ROUND(MAX('Pengetahuan (rincian)'!AX51:AY51),0)) | S50: =IF(P50="","",ROUND((3*P50+Q50+R50)/5,0)) | T50: =IF(S50="","",IF(S50>=96,4,IF(S50>=91,3.66,IF(S50>=86,3.33,IF(S50>=81,3,IF(S50>=75,2.66,IF(S50>=70,2.33,IF(S50>=65,2,IF(S50>=60,1.66,IF(S50>=55,1.33,1)))))))))) | U50: =IF(T50="","",IF(T50=4,"A",IF(T50=3.66,"A-",IF(T50=3.33,"B+",IF(T50=3,"B",IF(T50=2.66,"B-",IF(T50=2.33,"C+",IF(T50=2,"C",IF(T50=1.66,"C-",IF(T50=1.33,"D+","D")))))))))) | V50: =MAX(B50:G50) -> 0 | W50: =INDEX($B$9:$O$9,1,MATCH(MAX(B50:O50),B50:O50,0)) -> #N/A | X50: =MIN(B50:O50) -> 0 | Y50: =INDEX($B$9:$O$9,1,MATCH(MIN(B50:O50),B50:O50,0)) -> #N/A | Z50: =IF(OR(U50="C+",U50="C",U50="C-",U50="D+",U50="D"),CONCATENATE("Belum memahami sebagian besar kompetensi, terutama kurang dalam ",Y50),IF(OR(U50="A",U50="A-"),CONCATENATE("Sudah memahami seluruh kompetensi, terutama sangat baik dalam ",W50),IF(OR(U50="B+",U50="B",U50="B-"),CONCATENATE(IF(X50<80,CONCATENATE("Sudah memahami sebagian besar kompetensi, terutama dalam ",W50,", namun dalam ",Y50," perlu ditingkatkan"),CONCATENATE("Sudah memahami seluruh kompetensi, terutama dalam ",W50)),"")))) -> FALSE

Sheet Keterampilan (rincian)
AY1: Confidential
C2: ='Pengetahuan (rincian)'!C2 -> DAFTAR RINCI NILAI PESERTA DIDIK KELAS XIE RPL
C3: ='Pengetahuan (rincian)'!C3 -> SMK TELKOM BANJARBARU
C4: ='Pengetahuan (rincian)'!C4 -> TAHUN PELAJARAN 2025-2026
A6: ='Pengetahuan (rincian)'!A6 -> MATA PELAJARAN : | D6: ='Pengetahuan (rincian)'!D6 -> BASIS DATA | AY6: ='Pengetahuan (rincian)'!AV6 -> SEMESTER : GANJIL
A9: NO | B9: NOMOR INDUK | D9: NAMA SISWA | E9: ='Pengetahuan (rincian)'!E9 -> NILAI PADA MASING-MASING ELEMEN | AV9: NILAI TES
E10: =KD!B22 -> Memahami konsep dasar basis data | H10: =KD!B23 -> Mendeskripsikan Model Data dan Hubungan Antar Entitas | K10: =KD!B24 -> Mengimplementasikan Relasi Data | N10: =KD!B25 | Q10: =KD!B26 | T10: =KD!B27 | W10: =KD!B28 | Z10: =KD!B29 | AC10: =KD!B30 | AF10: =KD!B31 | AI10: =KD!B32 | AL10: =KD!B33 | AO10: =KD!B34 | AR10: =KD!B35 | AU10: NPF | AV10: NPJ (Nilai Project) | AX10: NPT (Nilai Praktek) [WAJIB DIISI]
E11: NS | F11: R | G11: NA | H11: NS | I11: R | J11: NA | K11: NS | L11: R | M11: NA | N11: NS | O11: R | P11: NA | Q11: NS | R11: R | S11: NA | T11: NS | U11: R | V11: NA | W11: NS | X11: R | Y11: NA | Z11: NS | AA11: R | AB11: NA | AC11: NS | AD11: R | AE11: NA | AF11: NS | AG11: R | AH11: NA | AI11: NS | AJ11: R | AK11: NA | AL11: NS | AM11: R | AN11: NA | AO11: NS | AP11: R | AQ11: NA | AR11: NS | AS11: R | AT11: NA | AV11: NS | AW11: R | AX11: NS | AY11: R
A12: =IF('Pengetahuan (rincian)'!A12="","",'Pengetahuan (rincian)'!A12) -> 1 | B12: ='Pengetahuan (rincian)'!B12 -> 543241108 | D12: ='Pengetahuan (rincian)'!D12 -> AHMAD FAIZH GIFFARY SYA'BANA | E12: ='Pengetahuan (rincian)'!E12 -> 90 | F12: ='Pengetahuan (rincian)'!F12 | G12: ='Pengetahuan (rincian)'!G12 -> 90 | H12: ='Pengetahuan (rincian)'!H12 -> 80 | I12: ='Pengetahuan (rincian)'!I12 | J12: ='Pengetahuan (rincian)'!J12 -> 80 | K12: ='Pengetahuan (rincian)'!K12 -> 90 | ... AY12: ='Pengetahuan (rincian)'!AY12
A13: =IF('Pengetahuan (rincian)'!A13="","",'Pengetahuan (rincian)'!A13) -> 2 | B13: ='Pengetahuan (rincian)'!B13 -> 543241071 | D13: ='Pengetahuan (rincian)'!D13 -> AHMAD SAJIDAN ATHAILLAH | E13: ='Pengetahuan (rincian)'!E13 -> 90 | F13: ='Pengetahuan (rincian)'!F13 | G13: ='Pengetahuan (rincian)'!G13 -> 90 | H13: ='Pengetahuan (rincian)'!H13 -> 80 | I13: ='Pengetahuan (rincian)'!I13 | J13: ='Pengetahuan (rincian)'!J13 -> 80 | K13: ='Pengetahuan (rincian)'!K13 -> 90 | ... AY13: ='Pengetahuan (rincian)'!AY13
A14: =IF('Pengetahuan (rincian)'!A14="","",'Pengetahuan (rincian)'!A14) -> 3 | B14: ='Pengetahuan (rincian)'!B14 -> 543241110 | D14: ='Pengetahuan (rincian)'!D14 -> AKHMAD SUPRIYADI | E14: ='Pengetahuan (rincian)'!E14 -> 92 | F14: ='Pengetahuan (rincian)'!F14 | G14: ='Pengetahuan (rincian)'!G14 -> 92 | H14: ='Pengetahuan (rincian)'!H14 -> 95 | I14: ='Pengetahuan (rincian)'!I14 | J14: ='Pengetahuan (rincian)'!J14 -> 95 | K14: ='Pengetahuan (rincian)'!K14 -> 92 | ... AY14: ='Pengetahuan (rincian)'!AY14
A15: =IF('Pengetahuan (rincian)'!A15="","",'Pengetahuan (rincian)'!A15) -> 4 | B15: ='Pengetahuan (rincian)'!B15 -> 543241112 | D15: ='Pengetahuan (rincian)'!D15 -> ALFIAH RAHMAWATI PUTRI | E15: ='Pengetahuan (rincian)'!E15 -> 95 | F15: ='Pengetahuan (rincian)'!F15 | G15: ='Pengetahuan (rincian)'!G15 -> 95 | H15: ='Pengetahuan (rincian)'!H15 -> 93 | I15: ='Pengetahuan (rincian)'!I15 | J15: ='Pengetahuan (rincian)'!J15 -> 93 | K15: ='Pengetahuan (rincian)'!K15 -> 95 | ... AY15: ='Pengetahuan (rincian)'!AY15
A16: =IF('Pengetahuan (rincian)'!A16="","",'Pengetahuan (rincian)'!A16) -> 5 | B16: ='Pengetahuan (rincian)'!B16 -> 543241113 | D16: ='Pengetahuan (rincian)'!D16 -> ARMAN DUARTE | E16: ='Pengetahuan (rincian)'!E16 -> 92 | F16: ='Pengetahuan (rincian)'!F16 | G16: ='Pengetahuan (rincian)'!G16 -> 92 | H16: ='Pengetahuan (rincian)'!H16 -> 95 | I16: ='Pengetahuan (rincian)'!I16 | J16: ='Pengetahuan (rincian)'!J16 -> 95 | K16: ='Pengetahuan (rincian)'!K16 -> 92 | ... AY16: ='Pengetahuan (rincian)'!AY16
A17: =IF('Pengetahuan (rincian)'!A17="","",'Pengetahuan (rincian)'!A17) -> 6 | B17: ='Pengetahuan (rincian)'!B17 -> 543241114 | D17: ='Pengetahuan (rincian)'!D17 -> AULIA AGUSTIANTI RAMADHANI | E17: ='Pengetahuan (rincian)'!E17 -> 95 | F17: ='Pengetahuan (rincian)'!F17 | G17: ='Pengetahuan (rincian)'!G17 -> 95 | H17: ='Pengetahuan (rincian)'!H17 -> 93 | I17: ='Pengetahuan (rincian)'!I17 | J17: ='Pengetahuan (rincian)'!J17 -> 93 | K17: ='Pengetahuan (rincian)'!K17 -> 95 | ... AY17: ='Pengetahuan (rincian)'!AY17
A18: =IF('Pengetahuan (rincian)'!A18="","",'Pengetahuan (rincian)'!A18) -> 7 | B18: ='Pengetahuan (rincian)'!B18 -> 543241025 | D18: ='Pengetahuan (rincian)'!D18 -> BETARUS MARCHIANO BOANERGES | E18: ='Pengetahuan (rincian)'!E18 -> 90 | F18: ='Pengetahuan (rincian)'!F18 | G18: ='Pengetahuan (rincian)'!G18 -> 90 | H18: ='Pengetahuan (rincian)'!H18 -> 95 | I18: ='Pengetahuan (rincian)'!I18 | J18: ='Pengetahuan (rincian)'!J18 -> 95 | K18: ='Pengetahuan (rincian)'!K18 -> 90 | ... AY18: ='Pengetahuan (rincian)'!AY18
A19: =IF('Pengetahuan (rincian)'!A19="","",'Pengetahuan (rincian)'!A19) -> 8 | B19: ='Pengetahuan (rincian)'!B19 -> 543241078 | D19: ='Pengetahuan (rincian)'!D19 -> DANIEL DIMAS NUGROHO | E19: ='Pengetahuan (rincian)'!E19 -> 88 | F19: ='Pengetahuan (rincian)'!F19 | G19: ='Pengetahuan (rincian)'!G19 -> 88 | H19: ='Pengetahuan (rincian)'!H19 -> 95 | I19: ='Pengetahuan (rincian)'!I19 | J19: ='Pengetahuan (rincian)'!J19 -> 95 | K19: ='Pengetahuan (rincian)'!K19 -> 88 | ... AY19: ='Pengetahuan (rincian)'!AY19
A20: =IF('Pengetahuan (rincian)'!A20="","",'Pengetahuan (rincian)'!A20) -> 9 | B20: ='Pengetahuan (rincian)'!B20 -> 543241080 | D20: ='Pengetahuan (rincian)'!D20 -> DEDE FEBRYLIANTONI | E20: ='Pengetahuan (rincian)'!E20 -> 88 | F20: ='Pengetahuan (rincian)'!F20 | G20: ='Pengetahuan (rincian)'!G20 -> 88 | H20: ='Pengetahuan (rincian)'!H20 -> 95 | I20: ='Pengetahuan (rincian)'!I20 | J20: ='Pengetahuan (rincian)'!J20 -> 95 | K20: ='Pengetahuan (rincian)'!K20 -> 88 | ... AY20: ='Pengetahuan (rincian)'!AY20
A21: =IF('Pengetahuan (rincian)'!A21="","",'Pengetahuan (rincian)'!A21) -> 10 | B21: ='Pengetahuan (rincian)'!B21 -> 543241081 | D21: ='Pengetahuan (rincian)'!D21 -> GHANIY PUTRI AR RAZZAQ | E21: ='Pengetahuan (rincian)'!E21 -> 95 | F21: ='Pengetahuan (rincian)'!F21 | G21: ='Pengetahuan (rincian)'!G21 -> 95 | H21: ='Pengetahuan (rincian)'!H21 -> 90 | I21: ='Pengetahuan (rincian)'!I21 | J21: ='Pengetahuan (rincian)'!J21 -> 90 | K21: ='Pengetahuan (rincian)'!K21 -> 95 | ... AY21: ='Pengetahuan (rincian)'!AY21
A22: =IF('Pengetahuan (rincian)'!A22="","",'Pengetahuan (rincian)'!A22) -> 11 | B22: ='Pengetahuan (rincian)'!B22 -> 543241119 | D22: ='Pengetahuan (rincian)'!D22 -> HAIKA MEZZIA AVEIRA | E22: ='Pengetahuan (rincian)'!E22 -> 95 | F22: ='Pengetahuan (rincian)'!F22 | G22: ='Pengetahuan (rincian)'!G22 -> 95 | H22: ='Pengetahuan (rincian)'!H22 -> 95 | I22: ='Pengetahuan (rincian)'!I22 | J22: ='Pengetahuan (rincian)'!J22 -> 95 | K22: ='Pengetahuan (rincian)'!K22 -> 95 | ... AY22: ='Pengetahuan (rincian)'!AY22
A23: =IF('Pengetahuan (rincian)'!A23="","",'Pengetahuan (rincian)'!A23) -> 12 | B23: ='Pengetahuan (rincian)'!B23 -> 543241009 | D23: ='Pengetahuan (rincian)'!D23 -> KEVIN APTA | E23: ='Pengetahuan (rincian)'!E23 -> 95 | F23: ='Pengetahuan (rincian)'!F23 | G23: ='Pengetahuan (rincian)'!G23 -> 95 | H23: ='Pengetahuan (rincian)'!H23 -> 90 | I23: ='Pengetahuan (rincian)'!I23 | J23: ='Pengetahuan (rincian)'!J23 -> 90 | K23: ='Pengetahuan (rincian)'!K23 -> 95 | ... AY23: ='Pengetahuan (rincian)'!AY23
... A51: =IF('Pengetahuan (rincian)'!A51="","",'Pengetahuan (rincian)'!A51) -> 40 | B51: ='Pengetahuan (rincian)'!B51 | D51: ='Pengetahuan (rincian)'!D51 | E51: ='Pengetahuan (rincian)'!E51 | F51: ='Pengetahuan (rincian)'!F51 | G51: ='Pengetahuan (rincian)'!G51 | H51: ='Pengetahuan (rincian)'!H51 | I51: ='Pengetahuan (rincian)'!I51 | J51: ='Pengetahuan (rincian)'!J51 | K51: ='Pengetahuan (rincian)'!K51 | ... AY51: ='Pengetahuan (rincian)'!AY51
B52: ='Pengetahuan (rincian)'!B52 | D52: ='Pengetahuan (rincian)'!D52 | V52: =IF(T52="","",MAX(T52:U52)) | Y52: =IF(W52="","",MAX(W52:X52)) | AB52: =IF(Z52="","",MAX(Z52:AA52)) | AE52: =IF(AC52="","",MAX(AC52:AD52)) | AH52: =IF(AF52="","",MAX(AF52:AG52)) | AK52: =IF(AI52="","",MAX(AI52:AJ52)) | AN52: =IF(AL52="","",MAX(AL52:AM52)) | AQ52: =IF(AO52="","",MAX(AO52:AP52)) | AT52: =IF(AR52="","",MAX(AR52:AS52)) | AU52: =IF(E52="","",ROUND(AVERAGE(G52,J52,M52,P52,S52,V52,AH52,AQ52,AT52,Y52,AB52,AE52,AK52,AN52),0))
B53: =IF('Pengetahuan (rincian)'!B52="","",'Pengetahuan (rincian)'!B52)
A54: Keterangan :
A55: 1 | B55: Isian ini digunakan untuk membantu mengisi penilaian pengetahuan | N55: ='Pengetahuan (rincian)'!N54 -> Banjarbaru, Agustus 2025
A56: 2 | B56: Isikan hasil penilaian harian sesuai dengan kompetensi dasar (0 - 100) | N56: Guru Mata Pelajaran
A57: 3 | B57: NS : Nilai Semula | D57: NPF : Nilai Portofolio
B58: R : Nilai Remedial | D58: NPJ : Nilai Proyek
B59: NA : Nilai Akhir KD | D59: NPT : Nilai Praktik
N60: ='Pengetahuan (rincian)'!N59
A61: Copyright Ó SMKTelkom SP Banjarbaru – Juli 2014 Ver 1.0

Sheet Data Nilai Bermasalah
A1: ='Pengetahuan (rincian)'!A1 -> XIE RPL | G1: Confidential
C2: ="DATA RINCI NILAI BERMASALAH KELAS "&A1 -> DATA RINCI NILAI BERMASALAH KELAS XIE RPL
C3: ='Pengetahuan (rincian)'!C3 -> SMK TELKOM BANJARBARU
C4: ='Pengetahuan (rincian)'!C4 -> TAHUN PELAJARAN 2025-2026
A6: ='Pengetahuan (rincian)'!A6 -> MATA PELAJARAN : | D6: ='Pengetahuan (rincian)'!D6 -> BASIS DATA | G6: ='Pengetahuan (rincian)'!AV6 -> SEMESTER : GANJIL
A9: NO | B9: NOMOR INDUK | D9: NAMA SISWA | E9: TUGAS (Google Classrom, LMS, dan lain-lain) | F9: UJIAN/ULANGAN HARIAN | G9: LAIN-LAIN (Sikap, Kehadiran atau lainnya yang di anggap perlu)
A11: =IF('Pengetahuan (rincian)'!A12="","",'Pengetahuan (rincian)'!A12) -> 1 | B11: ='Pengetahuan (rincian)'!B12 -> 543241108 | D11: ='Pengetahuan (rincian)'!D12 -> AHMAD FAIZH GIFFARY SYA'BANA
A12: =IF('Pengetahuan (rincian)'!A13="","",'Pengetahuan (rincian)'!A13) -> 2 | B12: ='Pengetahuan (rincian)'!B13 -> 543241071 | D12: ='Pengetahuan (rincian)'!D13 -> AHMAD SAJIDAN ATHAILLAH
A13: =IF('Pengetahuan (rincian)'!A14="","",'Pengetahuan (rincian)'!A14) -> 3 | B13: ='Pengetahuan (rincian)'!B14 -> 543241110 | D13: ='Pengetahuan (rincian)'!D14 -> AKHMAD SUPRIYADI
A14: =IF('Pengetahuan (rincian)'!A15="","",'Pengetahuan (rincian)'!A15) -> 4 | B14: ='Pengetahuan (rincian)'!B15 -> 543241112 | D14: ='Pengetahuan (rincian)'!D15 -> ALFIAH RAHMAWATI PUTRI
A15: =IF('Pengetahuan (rincian)'!A16="","",'Pengetahuan (rincian)'!A16) -> 5 | B15: ='Pengetahuan (rincian)'!B16 -> 543241113 | D15: ='Pengetahuan (rincian)'!D16 -> ARMAN DUARTE
A16: =IF('Pengetahuan (rincian)'!A17="","",'Pengetahuan (rincian)'!A17) -> 6 | B16: ='Pengetahuan (rincian)'!B17 -> 543241114 | D16: ='Pengetahuan (rincian)'!D17 -> AULIA AGUSTIANTI RAMADHANI
A17: =IF('Pengetahuan (rincian)'!A18="","",'Pengetahuan (rincian)'!A18) -> 7 | B17: ='Pengetahuan (rincian)'!B18 -> 543241025 | D17: ='Pengetahuan (rincian)'!D18 -> BETARUS MARCHIANO BOANERGES
A18: =IF('Pengetahuan (rincian)'!A19="","",'Pengetahuan (rincian)'!A19) -> 8 | B18: ='Pengetahuan (rincian)'!B19 -> 543241078 | D18: ='Pengetahuan (rincian)'!D19 -> DANIEL DIMAS NUGROHO
A19: =IF('Pengetahuan (rincian)'!A20="","",'Pengetahuan (rincian)'!A20) -> 9 | B19: ='Pengetahuan (rincian)'!B20 -> 543241080 | D19: ='Pengetahuan (rincian)'!D20 -> DEDE FEBRYLIANTONI
A20: =IF('Pengetahuan (rincian)'!A21="","",'Pengetahuan (rincian)'!A21) -> 10 | B20: ='Pengetahuan (rincian)'!B21 -> 543241081 | D20: ='Pengetahuan (rincian)'!D21 -> GHANIY PUTRI AR RAZZAQ
A21: =IF('Pengetahuan (rincian)'!A22="","",'Pengetahuan (rincian)'!A22) -> 11 | B21: ='Pengetahuan (rincian)'!B22 -> 543241119 | D21: ='Pengetahuan (rincian)'!D22 -> HAIKA MEZZIA AVEIRA
A22: =IF('Pengetahuan (rincian)'!A23="","",'Pengetahuan (rincian)'!A23) -> 12 | B22: ='Pengetahuan (rincian)'!B23 -> 543241009 | D22: ='Pengetahuan (rincian)'!D23 -> KEVIN APTA
... A50: =IF('Pengetahuan (rincian)'!A51="","",'Pengetahuan (rincian)'!A51) -> 40 | B50: ='Pengetahuan (rincian)'!B51 | D50: ='Pengetahuan (rincian)'!D51

Sheet Rekap Keterampilan
A8: NO | B8: NILAI KOMPETENSI DASAR PADA KI-4 | Q8: NILAI TES | S8: NA | T8: NR | U8: Predikat | V8: Yang menonjol | X8: Yang kurang | Z8: DESKRIPSI
B9: =IF('Keterampilan (rincian)'!E10="","",'Keterampilan (rincian)'!E10) -> Memahami konsep dasar basis data | C9: =IF('Keterampilan (rincian)'!H10="","",'Keterampilan (rincian)'!H10) -> Mendeskripsikan Model Data dan Hubungan Antar Entitas | D9: =IF('Keterampilan (rincian)'!K10="","",'Keterampilan (rincian)'!K10) -> Mengimplementasikan Relasi Data | E9: =IF('Keterampilan (rincian)'!N10="","",'Keterampilan (rincian)'!N10) | F9: =IF('Keterampilan (rincian)'!Q10="","",'Keterampilan (rincian)'!Q10) | G9: =IF('Keterampilan (rincian)'!T10="","",'Keterampilan (rincian)'!T10) | H9: =IF('Keterampilan (rincian)'!W10="","",'Keterampilan (rincian)'!W10) | I9: =IF('Keterampilan (rincian)'!Z10="","",'Keterampilan (rincian)'!Z10) | J9: =IF('Keterampilan (rincian)'!AC10="","",'Keterampilan (rincian)'!AC10) | K9: =IF('Keterampilan (rincian)'!AF10="","",'Keterampilan (rincian)'!AF10) | L9: =IF('Keterampilan (rincian)'!AI10="","",'Keterampilan (rincian)'!AI10) | M9: =IF('Keterampilan (rincian)'!AL10="","",'Keterampilan (rincian)'!AL10) | N9: =IF('Keterampilan (rincian)'!AO10="","",'Keterampilan (rincian)'!AO10) | O9: =IF('Keterampilan (rincian)'!AR10="","",'Keterampilan (rincian)'!AR10) | P9: NPF | Q9: NPJ | R9: NPT
B10: NA | C10: NA | D10: NA | E10: NA | F10: NA | G10: NA | H10: NA | I10: NA | J10: NA | K10: NA | L10: NA | M10: NA | N10: NA | O10: NA | P10: NA | Q10: NA | R10: NA
A11: 1 | B11: =IF('Keterampilan (rincian)'!G12="","",'Keterampilan (rincian)'!G12) -> 90 | C11: =IF('Keterampilan (rincian)'!J12="","",'Keterampilan (rincian)'!J12) -> 80 | D11: =IF('Keterampilan (rincian)'!M12="","",'Keterampilan (rincian)'!M12) -> 90 | E11: =IF('Keterampilan (rincian)'!P12="","",'Keterampilan (rincian)'!P12) | F11: =IF('Keterampilan (rincian)'!S12="","",'Keterampilan (rincian)'!S12) | G11: =IF('Keterampilan (rincian)'!V12="","",'Keterampilan (rincian)'!V12) | H11: =IF('Keterampilan (rincian)'!Y12="","",'Keterampilan (rincian)'!Y12) | I11: =IF('Keterampilan (rincian)'!AB12="","",'Keterampilan (rincian)'!AB12) | J11: =IF('Keterampilan (rincian)'!AE12="","",'Keterampilan (rincian)'!AE12) | K11: =IF('Keterampilan (rincian)'!AH12="","",'Keterampilan (rincian)'!AH12) | L11: =IF('Keterampilan (rincian)'!AK12="","",'Keterampilan (rincian)'!AK12) | M11: =IF('Keterampilan (rincian)'!AN12="","",'Keterampilan (rincian)'!AN12) | N11: =IF('Keterampilan (rincian)'!AQ12="","",'Keterampilan (rincian)'!AQ12) | O11: =IF('Keterampilan (rincian)'!AT12="","",'Keterampilan (rincian)'!AT12) | P11: =IF(B11="","",ROUND(AVERAGE(B11:O11),0)) -> 87 | Q11: =IF('Keterampilan (rincian)'!AV12="","",ROUND(MAX('Keterampilan (rincian)'!AV12:AW12),0)) -> 80 | R11: =IF('Keterampilan (rincian)'!AX12="","",ROUND(MAX('Keterampilan (rincian)'!AX12:AY12),0)) -> 90 | S11: =IF(P11="","",IF(Q11="",ROUND((3*P11+3*R11)/6,0),ROUND((P11+2*Q11+3*R11)/6,0))) -> 86 | T11: =IF(S11="","",IF(S11>=96,4,IF(S11>=91,3.66,IF(S11>=86,3.33,IF(S11>=81,3,IF(S11>=75,2.66,IF(S11>=70,2.33,IF(S11>=65,2,IF(S11>=60,1.66,IF(S11>=55,1.33,1)))))))))) -> 3.33 | U11: =IF(T11="","",IF(T11=4,"A",IF(T11=3.66,"A-",IF(T11=3.33,"B+",IF(T11=3,"B",IF(T11=2.66,"B-",IF(T11=2.33,"C+",IF(T11=2,"C",IF(T11=1.66,"C-",IF(T11=1.33,"D+","D")))))))))) -> B+ | V11: =MAX(B11:O11) -> 90 | W11: =INDEX($B$9:$O$9,1,MATCH(MAX(B11:O11),B11:O11,0)) -> Memahami konsep dasar basis data | X11: =MIN(B11:O11) -> 80 | Y11: =INDEX($B$9:$O$9,1,MATCH(MIN(B11:O11),B11:O11,0)) -> Mendeskripsikan Model Data dan Hubungan Antar Entitas | Z11: =IF(OR(U11="C+",U11="C",U11="C-",U11="D+",U11="D"),CONCATENATE("Belum terampil mengerjakan sebagian besar kompetensi, terutama kurang terampil dalam ",Y11),IF(OR(U11="A",U11="A-"),CONCATENATE("Sudah terampil mengerjakan seluruh kompetensi, terutama sangat baik dalam ",W11),IF(OR(U11="B+",U11="B",U11="B-"),CONCATENATE(IF(X11<80,CONCATENATE("Sudah terampil mengerjakan sebagian besar kompetensi, terutama dalam ",W11,", namun keterampilan dalam ",Y11," perlu ditingkatkan"),CONCATENATE("Sudah terampil mengerjakan seluruh kompetensi, terutama dalam ",W11)),"")))) -> Sudah terampil mengerjakan seluruh kompetensi, terutama dalam Memahami konsep dasar basis data
A12: 2 | B12: =IF('Keterampilan (rincian)'!G13="","",'Keterampilan (rincian)'!G13) -> 90 | C12: =IF('Keterampilan (rincian)'!J13="","",'Keterampilan (rincian)'!J13) -> 80 | D12: =IF('Keterampilan (rincian)'!M13="","",'Keterampilan (rincian)'!M13) -> 90 | E12: =IF('Keterampilan (rincian)'!P13="","",'Keterampilan (rincian)'!P13) | F12: =IF('Keterampilan (rincian)'!S13="","",'Keterampilan (rincian)'!S13) | G12: =IF('Keterampilan (rincian)'!V13="","",'Keterampilan (rincian)'!V13) | H12: =IF('Keterampilan (rincian)'!Y13="","",'Keterampilan (rincian)'!Y13) | I12: =IF('Keterampilan (rincian)'!AB13="","",'Keterampilan (rincian)'!AB13) | J12: =IF('Keterampilan (rincian)'!AE13="","",'Keterampilan (rincian)'!AE13) | K12: =IF('Keterampilan (rincian)'!AH13="","",'Keterampilan (rincian)'!AH13) | L12: =IF('Keterampilan (rincian)'!AK13="","",'Keterampilan (rincian)'!AK13) | M12: =IF('Keterampilan (rincian)'!AN13="","",'Keterampilan (rincian)'!AN13) | N12: =IF('Keterampilan (rincian)'!AQ13="","",'Keterampilan (rincian)'!AQ13) | O12: =IF('Keterampilan (rincian)'!AT13="","",'Keterampilan (rincian)'!AT13) | P12: =IF(B12="","",ROUND(AVERAGE(B12:O12),0)) -> 87 | Q12: =IF('Keterampilan (rincian)'!AV13="","",ROUND(MAX('Keterampilan (rincian)'!AV13:AW13),0)) -> 80 | R12: =IF('Keterampilan (rincian)'!AX13="","",ROUND(MAX('Keterampilan (rincian)'!AX13:AY13),0)) -> 90 | S12: =IF(P12="","",IF(Q12="",ROUND((3*P12+3*R12)/6,0),ROUND((P12+2*Q12+3*R12)/6,0))) -> 86 | T12: =IF(S12="","",IF(S12>=96,4,IF(S12>=91,3.66,IF(S12>=86,3.33,IF(S12>=81,3,IF(S12>=75,2.66,IF(S12>=70,2.33,IF(S12>=65,2,IF(S12>=60,1.66,IF(S12>=55,1.33,1)))))))))) -> 3.33 | U12: =IF(T12="","",IF(T12=4,"A",IF(T12=3.66,"A-",IF(T12=3.33,"B+",IF(T12=3,"B",IF(T12=2.66,"B-",IF(T12=2.33,"C+",IF(T12=2,"C",IF(T12=1.66,"C-",IF(T12=1.33,"D+","D")))))))))) -> B+ | V12: =MAX(B12:O12) -> 90 | W12: =INDEX($B$9:$O$9,1,MATCH(MAX(B12:O12),B12:O12,0)) -> Memahami konsep dasar basis data | X12: =MIN(B12:O12) -> 80 | Y12: =INDEX($B$9:$O$9,1,MATCH(MIN(B12:O12),B12:O12,0)) -> Mendeskripsikan Model Data dan Hubungan Antar Entitas | Z12: =IF(OR(U12="C+",U12="C",U12="C-",U12="D+",U12="D"),CONCATENATE("Belum terampil mengerjakan sebagian besar kompetensi, terutama kurang terampil dalam ",Y12),IF(OR(U12="A",U12="A-"),CONCATENATE("Sudah terampil mengerjakan seluruh kompetensi, terutama sangat baik dalam ",W12),IF(OR(U12="B+",U12="B",U12="B-"),CONCATENATE(IF(X12<80,CONCATENATE("Sudah terampil mengerjakan sebagian besar kompetensi, terutama dalam ",W12,", namun keterampilan dalam ",Y12," perlu ditingkatkan"),CONCATENATE("Sudah terampil mengerjakan seluruh kompetensi, terutama dalam ",W12)),"")))) -> Sudah terampil mengerjakan seluruh kompetensi, terutama dalam Memahami konsep dasar basis data
A13: 3 | B13: =IF('Keterampilan (rincian)'!G14="","",'Keterampilan (rincian)'!G14) -> 92 | C13: =IF('Keterampilan (rincian)'!J14="","",'Keterampilan (rincian)'!J14) -> 95 | D13: =IF('Keterampilan (rincian)'!M14="","",'Keterampilan (rincian)'!M14) -> 92 | E13: =IF('Keterampilan (rincian)'!P14="","",'Keterampilan (rincian)'!P14) | F13: =IF('Keterampilan (rincian)'!S14="","",'Keterampilan (rincian)'!S14) | G13: =IF('Keterampilan (rincian)'!V14="","",'Keterampilan (rincian)'!V14) | H13: =IF('Keterampilan (rincian)'!Y14="","",'Keterampilan (rincian)'!Y14) | I13: =IF('Keterampilan (rincian)'!AB14="","",'Keterampilan (rincian)'!AB14) | J13: =IF('Keterampilan (rincian)'!AE14="","",'Keterampilan (rincian)'!AE14) | K13: =IF('Keterampilan (rincian)'!AH14="","",'Keterampilan (rincian)'!AH14) | L13: =IF('Keterampilan (rincian)'!AK14="","",'Keterampilan (rincian)'!AK14) | M13: =IF('Keterampilan (rincian)'!AN14="","",'Keterampilan (rincian)'!AN14) | N13: =IF('Keterampilan (rincian)'!AQ14="","",'Keterampilan (rincian)'!AQ14) | O13: =IF('Keterampilan (rincian)'!AT14="","",'Keterampilan (rincian)'!AT14) | P13: =IF(B13="","",ROUND(AVERAGE(B13:O13),0)) -> 93 | Q13: =IF('Keterampilan (rincian)'!AV14="","",ROUND(MAX('Keterampilan (rincian)'!AV14:AW14),0)) -> 95 | R13: =IF('Keterampilan (rincian)'!AX14="","",ROUND(MAX('Keterampilan (rincian)'!AX14:AY14),0)) -> 92 | S13: =IF(P13="","",IF(Q13="",ROUND((3*P13+3*R13)/6,0),ROUND((P13+2*Q13+3*R13)/6,0))) -> 93 | T13: =IF(S13="","",IF(S13>=96,4,IF(S13>=91,3.66,IF(S13>=86,3.33,IF(S13>=81,3,IF(S13>=75,2.66,IF(S13>=70,2.33,IF(S13>=65,2,IF(S13>=60,1.66,IF(S13>=55,1.33,1)))))))))) -> 3.66 | U13: =IF(T13="","",IF(T13=4,"A",IF(T13=3.66,"A-",IF(T13=3.33,"B+",IF(T13=3,"B",IF(T13=2.66,"B-",IF(T13=2.33,"C+",IF(T13=2,"C",IF(T13=1.66,"C-",IF(T13=1.33,"D+","D")))))))))) -> A- | V13: =MAX(B13:O13) -> 95 | W13: =INDEX($B$9:$O$9,1,MATCH(MAX(B13:O13),B13:O13,0)) -> Mendeskripsikan Model Data dan Hubungan Antar Entitas | X13: =MIN(B13:O13) -> 92 | Y13: =INDEX($B$9:$O$9,1,MATCH(MIN(B13:O13),B13:O13,0)) -> Memahami konsep dasar basis data | Z13: =IF(OR(U13="C+",U13="C",U13="C-",U13="D+",U13="D"),CONCATENATE("Belum terampil mengerjakan sebagian besar kompetensi, terutama kurang terampil dalam ",Y13),IF(OR(U13="A",U13="A-"),CONCATENATE("Sudah terampil mengerjakan seluruh kompetensi, terutama sangat baik dalam ",W13),IF(OR(U13="B+",U13="B",U13="B-"),CONCATENATE(IF(X13<80,CONCATENATE("Sudah terampil mengerjakan sebagian besar kompetensi, terutama dalam ",W13,", namun keterampilan dalam ",Y13," perlu ditingkatkan"),CONCATENATE("Sudah terampil mengerjakan seluruh kompetensi, terutama dalam ",W13)),"")))) -> Sudah terampil mengerjakan seluruh kompetensi, terutama sangat baik dalam Mendeskripsikan Model Data dan Hubungan Antar Entitas
A14: 4 | B14: =IF('Keterampilan (rincian)'!G15="","",'Keterampilan (rincian)'!G15) -> 95 | C14: =IF('Keterampilan (rincian)'!J15="","",'Keterampilan (rincian)'!J15) -> 93 | D14: =IF('Keterampilan (rincian)'!M15="","",'Keterampilan (rincian)'!M15) -> 95 | E14: =IF('Keterampilan (rincian)'!P15="","",'Keterampilan (rincian)'!P15) | F14: =IF('Keterampilan (rincian)'!S15="","",'Keterampilan (rincian)'!S15) | G14: =IF('Keterampilan (rincian)'!V15="","",'Keterampilan (rincian)'!V15) | H14: =IF('Keterampilan (rincian)'!Y15="","",'Keterampilan (rincian)'!Y15) | I14: =IF('Keterampilan (rincian)'!AB15="","",'Keterampilan (rincian)'!AB15) | J14: =IF('Keterampilan (rincian)'!AE15="","",'Keterampilan (rincian)'!AE15) | K14: =IF('Keterampilan (rincian)'!AH15="","",'Keterampilan (rincian)'!AH15) | L14: =IF('Keterampilan (rincian)'!AK15="","",'Keterampilan (rincian)'!AK15) | M14: =IF('Keterampilan (rincian)'!AN15="","",'Keterampilan (rincian)'!AN15) | N14: =IF('Keterampilan (rincian)'!AQ15="","",'Keterampilan (rincian)'!AQ15) | O14: =IF('Keterampilan (rincian)'!AT15="","",'Keterampilan (rincian)'!AT15) | P14: =IF(B14="","",ROUND(AVERAGE(B14:O14),0)) -> 94 | Q14: =IF('Keterampilan (rincian)'!AV15="","",ROUND(MAX('Keterampilan (rincian)'!AV15:AW15),0)) -> 93 | R14: =IF('Keterampilan (rincian)'!AX15="","",ROUND(MAX('Keterampilan (rincian)'!AX15:AY15),0)) -> 95 | S14: =IF(P14="","",IF(Q14="",ROUND((3*P14+3*R14)/6,0),ROUND((P14+2*Q14+3*R14)/6,0))) -> 94 | T14: =IF(S14="","",IF(S14>=96,4,IF(S14>=91,3.66,IF(S14>=86,3.33,IF(S14>=81,3,IF(S14>=75,2.66,IF(S14>=70,2.33,IF(S14>=65,2,IF(S14>=60,1.66,IF(S14>=55,1.33,1)))))))))) -> 3.66 | U14: =IF(T14="","",IF(T14=4,"A",IF(T14=3.66,"A-",IF(T14=3.33,"B+",IF(T14=3,"B",IF(T14=2.66,"B-",IF(T14=2.33,"C+",IF(T14=2,"C",IF(T14=1.66,"C-",IF(T14=1.33,"D+","D")))))))))) -> A- | V14: =MAX(B14:O14) -> 95 | W14: =INDEX($B$9:$O$9,1,MATCH(MAX(B14:O14),B14:O14,0)) -> Memahami konsep dasar basis data | X14: =MIN(B14:O14) -> 93 | Y14: =INDEX($B$9:$O$9,1,MATCH(MIN(B14:O14),B14:O14,0)) -> Mendeskripsikan Model Data dan Hubungan Antar Entitas | Z14: =IF(OR(U14="C+",U14="C",U14="C-",U14="D+",U14="D"),CONCATENATE("Belum terampil mengerjakan sebagian besar kompetensi, terutama kurang terampil dalam ",Y14),IF(OR(U14="A",U14="A-"),CONCATENATE("Sudah terampil mengerjakan seluruh kompetensi, terutama sangat baik dalam ",W14),IF(OR(U14="B+",U14="B",U14="B-"),CONCATENATE(IF(X14<80,CONCATENATE("Sudah terampil mengerjakan sebagian besar kompetensi, terutama dalam ",W14,", namun keterampilan dalam ",Y14," perlu ditingkatkan"),CONCATENATE("Sudah terampil mengerjakan seluruh kompetensi, terutama dalam ",W14)),"")))) -> Sudah terampil mengerjakan seluruh kompetensi, terutama sangat baik dalam Memahami konsep dasar basis data
A15: 5 | B15: =IF('Keterampilan (rincian)'!G16="","",'Keterampilan (rincian)'!G16) -> 92 | C15: =IF('Keterampilan (rincian)'!J16="","",'Keterampilan (rincian)'!J16) -> 95 | D15: =IF('Keterampilan (rincian)'!M16="","",'Keterampilan (rincian)'!M16) -> 92 | E15: =IF('Keterampilan (rincian)'!P16="","",'Keterampilan (rincian)'!P16) | F15: =IF('Keterampilan (rincian)'!S16="","",'Keterampilan (rincian)'!S16) | G15: =IF('Keterampilan (rincian)'!V16="","",'Keterampilan (rincian)'!V16) | H15: =IF('Keterampilan (rincian)'!Y16="","",'Keterampilan (rincian)'!Y16) | I15: =IF('Keterampilan (rincian)'!AB16="","",'Keterampilan (rincian)'!AB16) | J15: =IF('Keterampilan (rincian)'!AE16="","",'Keterampilan (rincian)'!AE16) | K15: =IF('Keterampilan (rincian)'!AH16="","",'Keterampilan (rincian)'!AH16) | L15: =IF('Keterampilan (rincian)'!AK16="","",'Keterampilan (rincian)'!AK16) | M15: =IF('Keterampilan (rincian)'!AN16="","",'Keterampilan (rincian)'!AN16) | N15: =IF('Keterampilan (rincian)'!AQ16="","",'Keterampilan (rincian)'!AQ16) | O15: =IF('Keterampilan (rincian)'!AT16="","",'Keterampilan (rincian)'!AT16) | P15: =IF(B15="","",ROUND(AVERAGE(B15:O15),0)) -> 93 | Q15: =IF('Keterampilan (rincian)'!AV16="","",ROUND(MAX('Keterampilan (rincian)'!AV16:AW16),0)) -> 95 | R15: =IF('Keterampilan (rincian)'!AX16="","",ROUND(MAX('Keterampilan (rincian)'!AX16:AY16),0)) -> 92 | S15: =IF(P15="","",IF(Q15="",ROUND((3*P15+3*R15)/6,0),ROUND((P15+2*Q15+3*R15)/6,0))) -> 93 | T15: =IF(S15="","",IF(S15>=96,4,IF(S15>=91,3.66,IF(S15>=86,3.33,IF(S15>=81,3,IF(S15>=75,2.66,IF(S15>=70,2.33,IF(S15>=65,2,IF(S15>=60,1.66,IF(S15>=55,1.33,1)))))))))) -> 3.66 | U15: =IF(T15="","",IF(T15=4,"A",IF(T15=3.66,"A-",IF(T15=3.33,"B+",IF(T15=3,"B",IF(T15=2.66,"B-",IF(T15=2.33,"C+",IF(T15=2,"C",IF(T15=1.66,"C-",IF(T15=1.33,"D+","D")))))))))) -> A- | V15: =MAX(B15:O15) -> 95 | W15: =INDEX($B$9:$O$9,1,MATCH(MAX(B15:O15),B15:O15,0)) -> Mendeskripsikan Model Data dan Hubungan Antar Entitas | X15: =MIN(B15:O15) -> 92 | Y15: =INDEX($B$9:$O$9,1,MATCH(MIN(B15:O15),B15:O15,0)) -> Memahami konsep dasar basis data | Z15: =IF(OR(U15="C+",U15="C",U15="C-",U15="D+",U15="D"),CONCATENATE("Belum terampil mengerjakan sebagian besar kompetensi, terutama kurang terampil dalam ",Y15),IF(OR(U15="A",U15="A-"),CONCATENATE("Sudah terampil mengerjakan seluruh kompetensi, terutama sangat baik dalam ",W15),IF(OR(U15="B+",U15="B",U15="B-"),CONCATENATE(IF(X15<80,CONCATENATE("Sudah terampil mengerjakan sebagian besar kompetensi, terutama dalam ",W15,", namun keterampilan dalam ",Y15," perlu ditingkatkan"),CONCATENATE("Sudah terampil mengerjakan seluruh kompetensi, terutama dalam ",W15)),"")))) -> Sudah terampil mengerjakan seluruh kompetensi, terutama sangat baik dalam Mendeskripsikan Model Data dan Hubungan Antar Entitas
A16: 6 | B16: =IF('Keterampilan (rincian)'!G17="","",'Keterampilan (rincian)'!G17) -> 95 | C16: =IF('Keterampilan (rincian)'!J17="","",'Keterampilan (rincian)'!J17) -> 93 | D16: =IF('Keterampilan (rincian)'!M17="","",'Keterampilan (rincian)'!M17) -> 95 | E16: =IF('Keterampilan (rincian)'!P17="","",'Keterampilan (rincian)'!P17) | F16: =IF('Keterampilan (rincian)'!S17="","",'Keterampilan (rincian)'!S17) | G16: =IF('Keterampilan (rincian)'!V17="","",'Keterampilan (rincian)'!V17) | H16: =IF('Keterampilan (rincian)'!Y17="","",'Keterampilan (rincian)'!Y17) | I16: =IF('Keterampilan (rincian)'!AB17="","",'Keterampilan (rincian)'!AB17) | J16: =IF('Keterampilan (rincian)'!AE17="","",'Keterampilan (rincian)'!AE17) | K16: =IF('Keterampilan (rincian)'!AH17="","",'Keterampilan (rincian)'!AH17) | L16: =IF('Keterampilan (rincian)'!AK17="","",'Keterampilan (rincian)'!AK17) | M16: =IF('Keterampilan (rincian)'!AN17="","",'Keterampilan (rincian)'!AN17) | N16: =IF('Keterampilan (rincian)'!AQ17="","",'Keterampilan (rincian)'!AQ17) | O16: =IF('Keterampilan (rincian)'!AT17="","",'Keterampilan (rincian)'!AT17) | P16: =IF(B16="","",ROUND(AVERAGE(B16:O16),0)) -> 94 | Q16: =IF('Keterampilan (rincian)'!AV17="","",ROUND(MAX('Keterampilan (rincian)'!AV17:AW17),0)) -> 93 | R16: =IF('Keterampilan (rincian)'!AX17="","",ROUND(MAX('Keterampilan (rincian)'!AX17:AY17),0)) -> 95 | S16: =IF(P16="","",IF(Q16="",ROUND((3*P16+3*R16)/6,0),ROUND((P16+2*Q16+3*R16)/6,0))) -> 94 | T16: =IF(S16="","",IF(S16>=96,4,IF(S16>=91,3.66,IF(S16>=86,3.33,IF(S16>=81,3,IF(S16>=75,2.66,IF(S16>=70,2.33,IF(S16>=65,2,IF(S16>=60,1.66,IF(S16>=55,1.33,1)))))))))) -> 3.66 | U16: =IF(T16="","",IF(T16=4,"A",IF(T16=3.66,"A-",IF(T16=3.33,"B+",IF(T16=3,"B",IF(T16=2.66,"B-",IF(T16=2.33,"C+",IF(T16=2,"C",IF(T16=1.66,"C-",IF(T16=1.33,"D+","D")))))))))) -> A- | V16: =MAX(B16:O16) -> 95 | W16: =INDEX($B$9:$O$9,1,MATCH(MAX(B16:O16),B16:O16,0)) -> Memahami konsep dasar basis data | X16: =MIN(B16:O16) -> 93 | Y16: =INDEX($B$9:$O$9,1,MATCH(MIN(B16:O16),B16:O16,0)) -> Mendeskripsikan Model Data dan Hubungan Antar Entitas | Z16: =IF(OR(U16="C+",U16="C",U16="C-",U16="D+",U16="D"),CONCATENATE("Belum terampil mengerjakan sebagian besar kompetensi, terutama kurang terampil dalam ",Y16),IF(OR(U16="A",U16="A-"),CONCATENATE("Sudah terampil mengerjakan seluruh kompetensi, terutama sangat baik dalam ",W16),IF(OR(U16="B+",U16="B",U16="B-"),CONCATENATE(IF(X16<80,CONCATENATE("Sudah terampil mengerjakan sebagian besar kompetensi, terutama dalam ",W16,", namun keterampilan dalam ",Y16," perlu ditingkatkan"),CONCATENATE("Sudah terampil mengerjakan seluruh kompetensi, terutama dalam ",W16)),"")))) -> Sudah terampil mengerjakan seluruh kompetensi, terutama sangat baik dalam Memahami konsep dasar basis data
A17: 7 | B17: =IF('Keterampilan (rincian)'!G18="","",'Keterampilan (rincian)'!G18) -> 90 | C17: =IF('Keterampilan (rincian)'!J18="","",'Keterampilan (rincian)'!J18) -> 95 | D17: =IF('Keterampilan (rincian)'!M18="","",'Keterampilan (rincian)'!M18) -> 90 | E17: =IF('Keterampilan (rincian)'!P18="","",'Keterampilan (rincian)'!P18) | F17: =IF('Keterampilan (rincian)'!S18="","",'Keterampilan (rincian)'!S18) | G17: =IF('Keterampilan (rincian)'!V18="","",'Keterampilan (rincian)'!V18) | H17: =IF('Keterampilan (rincian)'!Y18="","",'Keterampilan (rincian)'!Y18) | I17: =IF('Keterampilan (rincian)'!AB18="","",'Keterampilan (rincian)'!AB18) | J17: =IF('Keterampilan (rincian)'!AE18="","",'Keterampilan (rincian)'!AE18) | K17: =IF('Keterampilan (rincian)'!AH18="","",'Keterampilan (rincian)'!AH18) | L17: =IF('Keterampilan (rincian)'!AK18="","",'Keterampilan (rincian)'!AK18) | M17: =IF('Keterampilan (rincian)'!AN18="","",'Keterampilan (rincian)'!AN18) | N17: =IF('Keterampilan (rincian)'!AQ18="","",'Keterampilan (rincian)'!AQ18) | O17: =IF('Keterampilan (rincian)'!AT18="","",'Keterampilan (rincian)'!AT18) | P17: =IF(B17="","",ROUND(AVERAGE(B17:O17),0)) -> 92 | Q17: =IF('Keterampilan (rincian)'!AV18="","",ROUND(MAX('Keterampilan (rincian)'!AV18:AW18),0)) -> 95 | R17: =IF('Keterampilan (rincian)'!AX18="","",ROUND(MAX('Keterampilan (rincian)'!AX18:AY18),0)) -> 90 | S17: =IF(P17="","",IF(Q17="",ROUND((3*P17+3*R17)/6,0),ROUND((P17+2*Q17+3*R17)/6,0))) -> 92 | T17: =IF(S17="","",IF(S17>=96,4,IF(S17>=91,3.66,IF(S17>=86,3.33,IF(S17>=81,3,IF(S17>=75,2.66,IF(S17>=70,2.33,IF(S17>=65,2,IF(S17>=60,1.66,IF(S17>=55,1.33,1)))))))))) -> 3.66 | U17: =IF(T17="","",IF(T17=4,"A",IF(T17=3.66,"A-",IF(T17=3.33,"B+",IF(T17=3,"B",IF(T17=2.66,"B-",IF(T17=2.33,"C+",IF(T17=2,"C",IF(T17=1.66,"C-",IF(T17=1.33,"D+","D")))))))))) -> A- | V17: =MAX(B17:O17) -> 95 | W17: =INDEX($B$9:$O$9,1,MATCH(MAX(B17:O17),B17:O17,0)) -> Mendeskripsikan Model Data dan Hubungan Antar Entitas | X17: =MIN(B17:O17) -> 90 | Y17: =INDEX($B$9:$O$9,1,MATCH(MIN(B17:O17),B17:O17,0)) -> Memahami konsep dasar basis data | Z17: =IF(OR(U17="C+",U17="C",U17="C-",U17="D+",U17="D"),CONCATENATE("Belum terampil mengerjakan sebagian besar kompetensi, terutama kurang terampil dalam ",Y17),IF(OR(U17="A",U17="A-"),CONCATENATE("Sudah terampil mengerjakan seluruh kompetensi, terutama sangat baik dalam ",W17),IF(OR(U17="B+",U17="B",U17="B-"),CONCATENATE(IF(X17<80,CONCATENATE("Sudah terampil mengerjakan sebagian besar kompetensi, terutama dalam ",W17,", namun keterampilan dalam ",Y17," perlu ditingkatkan"),CONCATENATE("Sudah terampil mengerjakan seluruh kompetensi, terutama dalam ",W17)),"")))) -> Sudah terampil mengerjakan seluruh kompetensi, terutama sangat baik dalam Mendeskripsikan Model Data dan Hubungan Antar Entitas
A18: 8 | B18: =IF('Keterampilan (rincian)'!G19="","",'Keterampilan (rincian)'!G19) -> 88 | C18: =IF('Keterampilan (rincian)'!J19="","",'Keterampilan (rincian)'!J19) -> 95 | D18: =IF('Keterampilan (rincian)'!M19="","",'Keterampilan (rincian)'!M19) -> 88 | E18: =IF('Keterampilan (rincian)'!P19="","",'Keterampilan (rincian)'!P19) | F18: =IF('Keterampilan (rincian)'!S19="","",'Keterampilan (rincian)'!S19) | G18: =IF('Keterampilan (rincian)'!V19="","",'Keterampilan (rincian)'!V19) | H18: =IF('Keterampilan (rincian)'!Y19="","",'Keterampilan (rincian)'!Y19) | I18: =IF('Keterampilan (rincian)'!AB19="","",'Keterampilan (rincian)'!AB19) | J18: =IF('Keterampilan (rincian)'!AE19="","",'Keterampilan (rincian)'!AE19) | K18: =IF('Keterampilan (rincian)'!AH19="","",'Keterampilan (rincian)'!AH19) | L18: =IF('Keterampilan (rincian)'!AK19="","",'Keterampilan (rincian)'!AK19) | M18: =IF('Keterampilan (rincian)'!AN19="","",'Keterampilan (rincian)'!AN19) | N18: =IF('Keterampilan (rincian)'!AQ19="","",'Keterampilan (rincian)'!AQ19) | O18: =IF('Keterampilan (rincian)'!AT19="","",'Keterampilan (rincian)'!AT19) | P18: =IF(B18="","",ROUND(AVERAGE(B18:O18),0)) -> 90 | Q18: =IF('Keterampilan (rincian)'!AV19="","",ROUND(MAX('Keterampilan (rincian)'!AV19:AW19),0)) -> 95 | R18: =IF('Keterampilan (rincian)'!AX19="","",ROUND(MAX('Keterampilan (rincian)'!AX19:AY19),0)) -> 88 | S18: =IF(P18="","",IF(Q18="",ROUND((3*P18+3*R18)/6,0),ROUND((P18+2*Q18+3*R18)/6,0))) -> 91 | T18: =IF(S18="","",IF(S18>=96,4,IF(S18>=91,3.66,IF(S18>=86,3.33,IF(S18>=81,3,IF(S18>=75,2.66,IF(S18>=70,2.33,IF(S18>=65,2,IF(S18>=60,1.66,IF(S18>=55,1.33,1)))))))))) -> 3.66 | U18: =IF(T18="","",IF(T18=4,"A",IF(T18=3.66,"A-",IF(T18=3.33,"B+",IF(T18=3,"B",IF(T18=2.66,"B-",IF(T18=2.33,"C+",IF(T18=2,"C",IF(T18=1.66,"C-",IF(T18=1.33,"D+","D")))))))))) -> A- | V18: =MAX(B18:O18) -> 95 | W18: =INDEX($B$9:$O$9,1,MATCH(MAX(B18:O18),B18:O18,0)) -> Mendeskripsikan Model Data dan Hubungan Antar Entitas | X18: =MIN(B18:O18) -> 88 | Y18: =INDEX($B$9:$O$9,1,MATCH(MIN(B18:O18),B18:O18,0)) -> Memahami konsep dasar basis data | Z18: =IF(OR(U18="C+",U18="C",U18="C-",U18="D+",U18="D"),CONCATENATE("Belum terampil mengerjakan sebagian besar kompetensi, terutama kurang terampil dalam ",Y18),IF(OR(U18="A",U18="A-"),CONCATENATE("Sudah terampil mengerjakan seluruh kompetensi, terutama sangat baik dalam ",W18),IF(OR(U18="B+",U18="B",U18="B-"),CONCATENATE(IF(X18<80,CONCATENATE("Sudah terampil mengerjakan sebagian besar kompetensi, terutama dalam ",W18,", namun keterampilan dalam ",Y18," perlu ditingkatkan"),CONCATENATE("Sudah terampil mengerjakan seluruh kompetensi, terutama dalam ",W18)),"")))) -> Sudah terampil mengerjakan seluruh kompetensi, terutama sangat baik dalam Mendeskripsikan Model Data dan Hubungan Antar Entitas
A19: 9 | B19: =IF('Keterampilan (rincian)'!G20="","",'Keterampilan (rincian)'!G20) -> 88 | C19: =IF('Keterampilan (rincian)'!J20="","",'Keterampilan (rincian)'!J20) -> 95 | D19: =IF('Keterampilan (rincian)'!M20="","",'Keterampilan (rincian)'!M20) -> 88 | E19: =IF('Keterampilan (rincian)'!P20="","",'Keterampilan (rincian)'!P20) | F19: =IF('Keterampilan (rincian)'!S20="","",'Keterampilan (rincian)'!S20) | G19: =IF('Keterampilan (rincian)'!V20="","",'Keterampilan (rincian)'!V20) | H19: =IF('Keterampilan (rincian)'!Y20="","",'Keterampilan (rincian)'!Y20) | I19: =IF('Keterampilan (rincian)'!AB20="","",'Keterampilan (rincian)'!AB20) | J19: =IF('Keterampilan (rincian)'!AE20="","",'Keterampilan (rincian)'!AE20) | K19: =IF('Keterampilan (rincian)'!AH20="","",'Keterampilan (rincian)'!AH20) | L19: =IF('Keterampilan (rincian)'!AK20="","",'Keterampilan (rincian)'!AK20) | M19: =IF('Keterampilan (rincian)'!AN20="","",'Keterampilan (rincian)'!AN20) | N19: =IF('Keterampilan (rincian)'!AQ20="","",'Keterampilan (rincian)'!AQ20) | O19: =IF('Keterampilan (rincian)'!AT20="","",'Keterampilan (rincian)'!AT20) | P19: =IF(B19="","",ROUND(AVERAGE(B19:O19),0)) -> 90 | Q19: =IF('Keterampilan (rincian)'!AV20="","",ROUND(MAX('Keterampilan (rincian)'!AV20:AW20),0)) -> 95 | R19: =IF('Keterampilan (rincian)'!AX20="","",ROUND(MAX('Keterampilan (rincian)'!AX20:AY20),0)) -> 88 | S19: =IF(P19="","",IF(Q19="",ROUND((3*P19+3*R19)/6,0),ROUND((P19+2*Q19+3*R19)/6,0))) -> 91 | T19: =IF(S19="","",IF(S19>=96,4,IF(S19>=91,3.66,IF(S19>=86,3.33,IF(S19>=81,3,IF(S19>=75,2.66,IF(S19>=70,2.33,IF(S19>=65,2,IF(S19>=60,1.66,IF(S19>=55,1.33,1)))))))))) -> 3.66 | U19: =IF(T19="","",IF(T19=4,"A",IF(T19=3.66,"A-",IF(T19=3.33,"B+",IF(T19=3,"B",IF(T19=2.66,"B-",IF(T19=2.33,"C+",IF(T19=2,"C",IF(T19=1.66,"C-",IF(T19=1.33,"D+","D")))))))))) -> A- | V19: =MAX(B19:O19) -> 95 | W19: =INDEX($B$9:$O$9,1,MATCH(MAX(B19:O19),B19:O19,0)) -> Mendeskripsikan Model Data dan Hubungan Antar Entitas | X19: =MIN(B19:O19) -> 88 | Y19: =INDEX($B$9:$O$9,1,MATCH(MIN(B19:O19),B19:O19,0)) -> Memahami konsep dasar basis data | Z19: =IF(OR(U19="C+",U19="C",U19="C-",U19="D+",U19="D"),CONCATENATE("Belum terampil mengerjakan sebagian besar kompetensi, terutama kurang terampil dalam ",Y19),IF(OR(U19="A",U19="A-"),CONCATENATE("Sudah terampil mengerjakan seluruh kompetensi, terutama sangat baik dalam ",W19),IF(OR(U19="B+",U19="B",U19="B-"),CONCATENATE(IF(X19<80,CONCATENATE("Sudah terampil mengerjakan sebagian besar kompetensi, terutama dalam ",W19,", namun keterampilan dalam ",Y19," perlu ditingkatkan"),CONCATENATE("Sudah terampil mengerjakan seluruh kompetensi, terutama dalam ",W19)),"")))) -> Sudah terampil mengerjakan seluruh kompetensi, terutama sangat baik dalam Mendeskripsikan Model Data dan Hubungan Antar Entitas
A20: 10 | B20: =IF('Keterampilan (rincian)'!G21="","",'Keterampilan (rincian)'!G21) -> 95 | C20: =IF('Keterampilan (rincian)'!J21="","",'Keterampilan (rincian)'!J21) -> 90 | D20: =IF('Keterampilan (rincian)'!M21="","",'Keterampilan (rincian)'!M21) -> 95 | E20: =IF('Keterampilan (rincian)'!P21="","",'Keterampilan (rincian)'!P21) | F20: =IF('Keterampilan (rincian)'!S21="","",'Keterampilan (rincian)'!S21) | G20: =IF('Keterampilan (rincian)'!V21="","",'Keterampilan (rincian)'!V21) | H20: =IF('Keterampilan (rincian)'!Y21="","",'Keterampilan (rincian)'!Y21) | I20: =IF('Keterampilan (rincian)'!AB21="","",'Keterampilan (rincian)'!AB21) | J20: =IF('Keterampilan (rincian)'!AE21="","",'Keterampilan (rincian)'!AE21) | K20: =IF('Keterampilan (rincian)'!AH21="","",'Keterampilan (rincian)'!AH21) | L20: =IF('Keterampilan (rincian)'!AK21="","",'Keterampilan (rincian)'!AK21) | M20: =IF('Keterampilan (rincian)'!AN21="","",'Keterampilan (rincian)'!AN21) | N20: =IF('Keterampilan (rincian)'!AQ21="","",'Keterampilan (rincian)'!AQ21) | O20: =IF('Keterampilan (rincian)'!AT21="","",'Keterampilan (rincian)'!AT21) | P20: =IF(B20="","",ROUND(AVERAGE(B20:O20),0)) -> 93 | Q20: =IF('Keterampilan (rincian)'!AV21="","",ROUND(MAX('Keterampilan (rincian)'!AV21:AW21),0)) -> 90 | R20: =IF('Keterampilan (rincian)'!AX21="","",ROUND(MAX('Keterampilan (rincian)'!AX21:AY21),0)) -> 95 | S20: =IF(P20="","",IF(Q20="",ROUND((3*P20+3*R20)/6,0),ROUND((P20+2*Q20+3*R20)/6,0))) -> 93 | T20: =IF(S20="","",IF(S20>=96,4,IF(S20>=91,3.66,IF(S20>=86,3.33,IF(S20>=81,3,IF(S20>=75,2.66,IF(S20>=70,2.33,IF(S20>=65,2,IF(S20>=60,1.66,IF(S20>=55,1.33,1)))))))))) -> 3.66 | U20: =IF(T20="","",IF(T20=4,"A",IF(T20=3.66,"A-",IF(T20=3.33,"B+",IF(T20=3,"B",IF(T20=2.66,"B-",IF(T20=2.33,"C+",IF(T20=2,"C",IF(T20=1.66,"C-",IF(T20=1.33,"D+","D")))))))))) -> A- | V20: =MAX(B20:O20) -> 95 | W20: =INDEX($B$9:$O$9,1,MATCH(MAX(B20:O20),B20:O20,0)) -> Memahami konsep dasar basis data | X20: =MIN(B20:O20) -> 90 | Y20: =INDEX($B$9:$O$9,1,MATCH(MIN(B20:O20),B20:O20,0)) -> Mendeskripsikan Model Data dan Hubungan Antar Entitas | Z20: =IF(OR(U20="C+",U20="C",U20="C-",U20="D+",U20="D"),CONCATENATE("Belum terampil mengerjakan sebagian besar kompetensi, terutama kurang terampil dalam ",Y20),IF(OR(U20="A",U20="A-"),CONCATENATE("Sudah terampil mengerjakan seluruh kompetensi, terutama sangat baik dalam ",W20),IF(OR(U20="B+",U20="B",U20="B-"),CONCATENATE(IF(X20<80,CONCATENATE("Sudah terampil mengerjakan sebagian besar kompetensi, terutama dalam ",W20,", namun keterampilan dalam ",Y20," perlu ditingkatkan"),CONCATENATE("Sudah terampil mengerjakan seluruh kompetensi, terutama dalam ",W20)),"")))) -> Sudah terampil mengerjakan seluruh kompetensi, terutama sangat baik dalam Memahami konsep dasar basis data
A21: 11 | B21: =IF('Keterampilan (rincian)'!G22="","",'Keterampilan (rincian)'!G22) -> 95 | C21: =IF('Keterampilan (rincian)'!J22="","",'Keterampilan (rincian)'!J22) -> 95 | D21: =IF('Keterampilan (rincian)'!M22="","",'Keterampilan (rincian)'!M22) -> 95 | E21: =IF('Keterampilan (rincian)'!P22="","",'Keterampilan (rincian)'!P22) | F21: =IF('Keterampilan (rincian)'!S22="","",'Keterampilan (rincian)'!S22) | G21: =IF('Keterampilan (rincian)'!V22="","",'Keterampilan (rincian)'!V22) | H21: =IF('Keterampilan (rincian)'!Y22="","",'Keterampilan (rincian)'!Y22) | I21: =IF('Keterampilan (rincian)'!AB22="","",'Keterampilan (rincian)'!AB22) | J21: =IF('Keterampilan (rincian)'!AE22="","",'Keterampilan (rincian)'!AE22) | K21: =IF('Keterampilan (rincian)'!AH22="","",'Keterampilan (rincian)'!AH22) | L21: =IF('Keterampilan (rincian)'!AK22="","",'Keterampilan (rincian)'!AK22) | M21: =IF('Keterampilan (rincian)'!AN22="","",'Keterampilan (rincian)'!AN22) | N21: =IF('Keterampilan (rincian)'!AQ22="","",'Keterampilan (rincian)'!AQ22) | O21: =IF('Keterampilan (rincian)'!AT22="","",'Keterampilan (rincian)'!AT22) | P21: =IF(B21="","",ROUND(AVERAGE(B21:O21),0)) -> 95 | Q21: =IF('Keterampilan (rincian)'!AV22="","",ROUND(MAX('Keterampilan (rincian)'!AV22:AW22),0)) -> 95 | R21: =IF('Keterampilan (rincian)'!AX22="","",ROUND(MAX('Keterampilan (rincian)'!AX22:AY22),0)) -> 95 | S21: =IF(P21="","",IF(Q21="",ROUND((3*P21+3*R21)/6,0),ROUND((P21+2*Q21+3*R21)/6,0))) -> 95 | T21: =IF(S21="","",IF(S21>=96,4,IF(S21>=91,3.66,IF(S21>=86,3.33,IF(S21>=81,3,IF(S21>=75,2.66,IF(S21>=70,2.33,IF(S21>=65,2,IF(S21>=60,1.66,IF(S21>=55,1.33,1)))))))))) -> 3.66 | U21: =IF(T21="","",IF(T21=4,"A",IF(T21=3.66,"A-",IF(T21=3.33,"B+",IF(T21=3,"B",IF(T21=2.66,"B-",IF(T21=2.33,"C+",IF(T21=2,"C",IF(T21=1.66,"C-",IF(T21=1.33,"D+","D")))))))))) -> A- | V21: =MAX(B21:O21) -> 95 | W21: =INDEX($B$9:$O$9,1,MATCH(MAX(B21:O21),B21:O21,0)) -> Memahami konsep dasar basis data | X21: =MIN(B21:O21) -> 95 | Y21: =INDEX($B$9:$O$9,1,MATCH(MIN(B21:O21),B21:O21,0)) -> Memahami konsep dasar basis data | Z21: =IF(OR(U21="C+",U21="C",U21="C-",U21="D+",U21="D"),CONCATENATE("Belum terampil mengerjakan sebagian besar kompetensi, terutama kurang terampil dalam ",Y21),IF(OR(U21="A",U21="A-"),CONCATENATE("Sudah terampil mengerjakan seluruh kompetensi, terutama sangat baik dalam ",W21),IF(OR(U21="B+",U21="B",U21="B-"),CONCATENATE(IF(X21<80,CONCATENATE("Sudah terampil mengerjakan sebagian besar kompetensi, terutama dalam ",W21,", namun keterampilan dalam ",Y21," perlu ditingkatkan"),CONCATENATE("Sudah terampil mengerjakan seluruh kompetensi, terutama dalam ",W21)),"")))) -> Sudah terampil mengerjakan seluruh kompetensi, terutama sangat baik dalam Memahami konsep dasar basis data
A22: 12 | B22: =IF('Keterampilan (rincian)'!G23="","",'Keterampilan (rincian)'!G23) -> 95 | C22: =IF('Keterampilan (rincian)'!J23="","",'Keterampilan (rincian)'!J23) -> 90 | D22: =IF('Keterampilan (rincian)'!M23="","",'Keterampilan (rincian)'!M23) -> 95 | E22: =IF('Keterampilan (rincian)'!P23="","",'Keterampilan (rincian)'!P23) | F22: =IF('Keterampilan (rincian)'!S23="","",'Keterampilan (rincian)'!S23) | G22: =IF('Keterampilan (rincian)'!V23="","",'Keterampilan (rincian)'!V23) | H22: =IF('Keterampilan (rincian)'!Y23="","",'Keterampilan (rincian)'!Y23) | I22: =IF('Keterampilan (rincian)'!AB23="","",'Keterampilan (rincian)'!AB23) | J22: =IF('Keterampilan (rincian)'!AE23="","",'Keterampilan (rincian)'!AE23) | K22: =IF('Keterampilan (rincian)'!AH23="","",'Keterampilan (rincian)'!AH23) | L22: =IF('Keterampilan (rincian)'!AK23="","",'Keterampilan (rincian)'!AK23) | M22: =IF('Keterampilan (rincian)'!AN23="","",'Keterampilan (rincian)'!AN23) | N22: =IF('Keterampilan (rincian)'!AQ23="","",'Keterampilan (rincian)'!AQ23) | O22: =IF('Keterampilan (rincian)'!AT23="","",'Keterampilan (rincian)'!AT23) | P22: =IF(B22="","",ROUND(AVERAGE(B22:O22),0)) -> 93 | Q22: =IF('Keterampilan (rincian)'!AV23="","",ROUND(MAX('Keterampilan (rincian)'!AV23:AW23),0)) -> 90 | R22: =IF('Keterampilan (rincian)'!AX23="","",ROUND(MAX('Keterampilan (rincian)'!AX23:AY23),0)) -> 95 | S22: =IF(P22="","",IF(Q22="",ROUND((3*P22+3*R22)/6,0),ROUND((P22+2*Q22+3*R22)/6,0))) -> 93 | T22: =IF(S22="","",IF(S22>=96,4,IF(S22>=91,3.66,IF(S22>=86,3.33,IF(S22>=81,3,IF(S22>=75,2.66,IF(S22>=70,2.33,IF(S22>=65,2,IF(S22>=60,1.66,IF(S22>=55,1.33,1)))))))))) -> 3.66 | U22: =IF(T22="","",IF(T22=4,"A",IF(T22=3.66,"A-",IF(T22=3.33,"B+",IF(T22=3,"B",IF(T22=2.66,"B-",IF(T22=2.33,"C+",IF(T22=2,"C",IF(T22=1.66,"C-",IF(T22=1.33,"D+","D")))))))))) -> A- | V22: =MAX(B22:O22) -> 95 | W22: =INDEX($B$9:$O$9,1,MATCH(MAX(B22:O22),B22:O22,0)) -> Memahami konsep dasar basis data | X22: =MIN(B22:O22) -> 90 | Y22: =INDEX($B$9:$O$9,1,MATCH(MIN(B22:O22),B22:O22,0)) -> Mendeskripsikan Model Data dan Hubungan Antar Entitas | Z22: =IF(OR(U22="C+",U22="C",U22="C-",U22="D+",U22="D"),CONCATENATE("Belum terampil mengerjakan sebagian besar kompetensi, terutama kurang terampil dalam ",Y22),IF(OR(U22="A",U22="A-"),CONCATENATE("Sudah terampil mengerjakan seluruh kompetensi, terutama sangat baik dalam ",W22),IF(OR(U22="B+",U22="B",U22="B-"),CONCATENATE(IF(X22<80,CONCATENATE("Sudah terampil mengerjakan sebagian besar kompetensi, terutama dalam ",W22,", namun keterampilan dalam ",Y22," perlu ditingkatkan"),CONCATENATE("Sudah terampil mengerjakan seluruh kompetensi, terutama dalam ",W22)),"")))) -> Sudah terampil mengerjakan seluruh kompetensi, terutama sangat baik dalam Memahami konsep dasar basis data
... A50: 40 | B50: =IF('Keterampilan (rincian)'!G51="","",'Keterampilan (rincian)'!G51) | C50: =IF('Keterampilan (rincian)'!J51="","",'Keterampilan (rincian)'!J51) | D50: =IF('Keterampilan (rincian)'!M51="","",'Keterampilan (rincian)'!M51) | E50: =IF('Keterampilan (rincian)'!P51="","",'Keterampilan (rincian)'!P51) | F50: =IF('Keterampilan (rincian)'!S51="","",'Keterampilan (rincian)'!S51) | G50: =IF('Keterampilan (rincian)'!V51="","",'Keterampilan (rincian)'!V51) | H50: =IF('Keterampilan (rincian)'!Y51="","",'Keterampilan (rincian)'!Y51) | I50: =IF('Keterampilan (rincian)'!AB51="","",'Keterampilan (rincian)'!AB51) | J50: =IF('Keterampilan (rincian)'!AE51="","",'Keterampilan (rincian)'!AE51) | K50: =IF('Keterampilan (rincian)'!AH51="","",'Keterampilan (rincian)'!AH51) | L50: =IF('Keterampilan (rincian)'!AK51="","",'Keterampilan (rincian)'!AK51) | M50: =IF('Keterampilan (rincian)'!AN51="","",'Keterampilan (rincian)'!AN51) | N50: =IF('Keterampilan (rincian)'!AQ51="","",'Keterampilan (rincian)'!AQ51) | O50: =IF('Keterampilan (rincian)'!AT51="","",'Keterampilan (rincian)'!AT51) | P50: =IF(B50="","",ROUND(AVERAGE(B50:O50),0)) | Q50: =IF('Keterampilan (rincian)'!AV51="","",ROUND(MAX('Keterampilan (rincian)'!AV51:AW51),0)) | R50: =IF('Keterampilan (rincian)'!AX51="","",ROUND(MAX('Keterampilan (rincian)'!AX51:AY51),0)) | S50: =IF(P50="","",IF(Q50="",ROUND((3*P50+3*R50)/6,0),ROUND((P50+2*Q50+3*R50)/6,0))) | T50: =IF(S50="","",IF(S50>=96,4,IF(S50>=91,3.66,IF(S50>=86,3.33,IF(S50>=81,3,IF(S50>=75,2.66,IF(S50>=70,2.33,IF(S50>=65,2,IF(S50>=60,1.66,IF(S50>=55,1.33,1)))))))))) | U50: =IF(T50="","",IF(T50=4,"A",IF(T50=3.66,"A-",IF(T50=3.33,"B+",IF(T50=3,"B",IF(T50=2.66,"B-",IF(T50=2.33,"C+",IF(T50=2,"C",IF(T50=1.66,"C-",IF(T50=1.33,"D+","D")))))))))) | V50: =MAX(B50:O50) -> 0 | W50: =INDEX($B$9:$O$9,1,MATCH(MAX(B50:O50),B50:O50,0)) -> #N/A | X50: =MIN(B50:O50) -> 0 | Y50: =INDEX($B$9:$O$9,1,MATCH(MIN(B50:O50),B50:O50,0)) -> #N/A | Z50: =IF(OR(U50="C+",U50="C",U50="C-",U50="D+",U50="D"),CONCATENATE("Belum terampil mengerjakan sebagian besar kompetensi, terutama kurang terampil dalam ",Y50),IF(OR(U50="A",U50="A-"),CONCATENATE("Sudah terampil mengerjakan seluruh kompetensi, terutama sangat baik dalam ",W50),IF(OR(U50="B+",U50="B",U50="B-"),CONCATENATE(IF(X50<80,CONCATENATE("Sudah terampil mengerjakan sebagian besar kompetensi, terutama dalam ",W50,", namun keterampilan dalam ",Y50," perlu ditingkatkan"),CONCATENATE("Sudah terampil mengerjakan seluruh kompetensi, terutama dalam ",W50)),"")))) -> FALSE

Sheet Sikap (dari Siswa)
X1: Confidential
C2: =CONCATENATE("DAFTAR NILAI SIKAP PESERTA DIDIK KELAS ",RIGHT('Pengetahuan (rincian)'!C2,7)) -> DAFTAR NILAI SIKAP PESERTA DIDIK KELAS XIE RPL
C3: ='Pengetahuan (rincian)'!C3:U3 -> SMK TELKOM BANJARBARU
C4: ='Pengetahuan (rincian)'!C4:U4 -> TAHUN PELAJARAN 2025-2026
A6: ='Pengetahuan (rincian)'!A6 -> MATA PELAJARAN : | X6: ='Pengetahuan (rincian)'!AV6 -> SEMESTER : GANJIL
A9: NO | B9: NOMOR INDUK | D9: NAMA SISWA | E9: SIKAP SOSIAL DAN SPIRITUAL
E10: HASIL SKOR PENILAIAN DIRI SENDIRI | O10: HASIL SKOR PENILAIAN ANTAR TEMAN
E11: Tekun | F11: Kerjasama | G11: Tanggung Jawab | H11: Toleran | I11: Kreativitas | J11: Kejujuran | K11: Kecermatan | L11: Santun | M11: Proaktif | N11: Taat Beragama | O11: Tekun | P11: Kerjasama | Q11: Tanggung Jawab | R11: Toleran | S11: Kreativitas | T11: Kejujuran | U11: Kecermatan | V11: Santun | W11: Proaktif | X11: Taat Beragama
A12: =IF('Pengetahuan (rincian)'!A12="","",'Pengetahuan (rincian)'!A12) -> 1 | B12: =IF('Pengetahuan (rincian)'!B12="","",'Pengetahuan (rincian)'!B12) -> 543241108 | D12: =IF('Pengetahuan (rincian)'!D12="","",'Pengetahuan (rincian)'!D12) -> AHMAD FAIZH GIFFARY SYA'BANA
A13: =IF('Pengetahuan (rincian)'!A13="","",'Pengetahuan (rincian)'!A13) -> 2 | B13: =IF('Pengetahuan (rincian)'!B13="","",'Pengetahuan (rincian)'!B13) -> 543241071 | D13: =IF('Pengetahuan (rincian)'!D13="","",'Pengetahuan (rincian)'!D13) -> AHMAD SAJIDAN ATHAILLAH
A14: =IF('Pengetahuan (rincian)'!A14="","",'Pengetahuan (rincian)'!A14) -> 3 | B14: =IF('Pengetahuan (rincian)'!B14="","",'Pengetahuan (rincian)'!B14) -> 543241110 | D14: =IF('Pengetahuan (rincian)'!D14="","",'Pengetahuan (rincian)'!D14) -> AKHMAD SUPRIYADI
A15: =IF('Pengetahuan (rincian)'!A15="","",'Pengetahuan (rincian)'!A15) -> 4 | B15: =IF('Pengetahuan (rincian)'!B15="","",'Pengetahuan (rincian)'!B15) -> 543241112 | D15: =IF('Pengetahuan (rincian)'!D15="","",'Pengetahuan (rincian)'!D15) -> ALFIAH RAHMAWATI PUTRI
A16: =IF('Pengetahuan (rincian)'!A16="","",'Pengetahuan (rincian)'!A16) -> 5 | B16: =IF('Pengetahuan (rincian)'!B16="","",'Pengetahuan (rincian)'!B16) -> 543241113 | D16: =IF('Pengetahuan (rincian)'!D16="","",'Pengetahuan (rincian)'!D16) -> ARMAN DUARTE
A17: =IF('Pengetahuan (rincian)'!A17="","",'Pengetahuan (rincian)'!A17) -> 6 | B17: =IF('Pengetahuan (rincian)'!B17="","",'Pengetahuan (rincian)'!B17) -> 543241114 | D17: =IF('Pengetahuan (rincian)'!D17="","",'Pengetahuan (rincian)'!D17) -> AULIA AGUSTIANTI RAMADHANI
A18: =IF('Pengetahuan (rincian)'!A18="","",'Pengetahuan (rincian)'!A18) -> 7 | B18: =IF('Pengetahuan (rincian)'!B18="","",'Pengetahuan (rincian)'!B18) -> 543241025 | D18: =IF('Pengetahuan (rincian)'!D18="","",'Pengetahuan (rincian)'!D18) -> BETARUS MARCHIANO BOANERGES
A19: =IF('Pengetahuan (rincian)'!A19="","",'Pengetahuan (rincian)'!A19) -> 8 | B19: =IF('Pengetahuan (rincian)'!B19="","",'Pengetahuan (rincian)'!B19) -> 543241078 | D19: =IF('Pengetahuan (rincian)'!D19="","",'Pengetahuan (rincian)'!D19) -> DANIEL DIMAS NUGROHO
A20: =IF('Pengetahuan (rincian)'!A20="","",'Pengetahuan (rincian)'!A20) -> 9 | B20: =IF('Pengetahuan (rincian)'!B20="","",'Pengetahuan (rincian)'!B20) -> 543241080 | D20: =IF('Pengetahuan (rincian)'!D20="","",'Pengetahuan (rincian)'!D20) -> DEDE FEBRYLIANTONI
A21: =IF('Pengetahuan (rincian)'!A21="","",'Pengetahuan (rincian)'!A21) -> 10 | B21: =IF('Pengetahuan (rincian)'!B21="","",'Pengetahuan (rincian)'!B21) -> 543241081 | D21: =IF('Pengetahuan (rincian)'!D21="","",'Pengetahuan (rincian)'!D21) -> GHANIY PUTRI AR RAZZAQ
A22: =IF('Pengetahuan (rincian)'!A22="","",'Pengetahuan (rincian)'!A22) -> 11 | B22: =IF('Pengetahuan (rincian)'!B22="","",'Pengetahuan (rincian)'!B22) -> 543241119 | D22: =IF('Pengetahuan (rincian)'!D22="","",'Pengetahuan (rincian)'!D22) -> HAIKA MEZZIA AVEIRA
A23: =IF('Pengetahuan (rincian)'!A23="","",'Pengetahuan (rincian)'!A23) -> 12 | B23: =IF('Pengetahuan (rincian)'!B23="","",'Pengetahuan (rincian)'!B23) -> 543241009 | D23: =IF('Pengetahuan (rincian)'!D23="","",'Pengetahuan (rincian)'!D23) -> KEVIN APTA
... A36: =IF('Pengetahuan (rincian)'!A36="","",'Pengetahuan (rincian)'!A36) -> 25 | B36: =IF('Pengetahuan (rincian)'!B36="","",'Pengetahuan (rincian)'!B36) -> 543241135 | D36: =IF('Pengetahuan (rincian)'!D36="","",'Pengetahuan (rincian)'!D36) -> MUHAMMAD ROFIQ RIDHANI
A37: =IF('Pengetahuan (rincian)'!A42="","",'Pengetahuan (rincian)'!A42) -> 31 | B37: =IF('Pengetahuan (rincian)'!B42="","",'Pengetahuan (rincian)'!B42) -> 543241104 | D37: =IF('Pengetahuan (rincian)'!D42="","",'Pengetahuan (rincian)'!D42) -> RIAMA GRACE SHARON HABEAHAN
A38: =IF('Pengetahuan (rincian)'!A43="","",'Pengetahuan (rincian)'!A43) -> 32 | B38: =IF('Pengetahuan (rincian)'!B43="","",'Pengetahuan (rincian)'!B43) -> 543241105 | D38: =IF('Pengetahuan (rincian)'!D43="","",'Pengetahuan (rincian)'!D43) -> RICKY STEVAN
A39: =IF('Pengetahuan (rincian)'!A44="","",'Pengetahuan (rincian)'!A44) -> 33 | B39: =IF('Pengetahuan (rincian)'!B44="","",'Pengetahuan (rincian)'!B44) -> 543241069 | D39: =IF('Pengetahuan (rincian)'!D44="","",'Pengetahuan (rincian)'!D44) -> ROSYID IFNI ANDRIANSYAH
A40: =IF('Pengetahuan (rincian)'!A45="","",'Pengetahuan (rincian)'!A45) -> 34 | B40: =IF('Pengetahuan (rincian)'!B45="","",'Pengetahuan (rincian)'!B45) -> 543241106 | D40: =IF('Pengetahuan (rincian)'!D45="","",'Pengetahuan (rincian)'!D45) -> SAMUEL DEAN ZEBAYA
A41: =IF('Pengetahuan (rincian)'!A46="","",'Pengetahuan (rincian)'!A46) -> 35 | B41: =IF('Pengetahuan (rincian)'!B46="","",'Pengetahuan (rincian)'!B46) -> 543241143 | D41: =IF('Pengetahuan (rincian)'!D46="","",'Pengetahuan (rincian)'!D46) -> SELVANO SENA AJI PATRIA
A42: =IF('Pengetahuan (rincian)'!A47="","",'Pengetahuan (rincian)'!A47) -> 36 | B42: =IF('Pengetahuan (rincian)'!B47="","",'Pengetahuan (rincian)'!B47) -> 543241107 | D42: =IF('Pengetahuan (rincian)'!D47="","",'Pengetahuan (rincian)'!D47) -> SHIDDIQ NAFIS HIBATULLAH
A43: =IF('Pengetahuan (rincian)'!A48="","",'Pengetahuan (rincian)'!A48) -> 37 | B43: =IF('Pengetahuan (rincian)'!B48="","",'Pengetahuan (rincian)'!B48) -> 543241045 | D43: =IF('Pengetahuan (rincian)'!D48="","",'Pengetahuan (rincian)'!D48) -> STEFANDER GERALD ROLANDO
A44: =IF('Pengetahuan (rincian)'!A49="","",'Pengetahuan (rincian)'!A49) -> 38 | B44: =IF('Pengetahuan (rincian)'!B49="","",'Pengetahuan (rincian)'!B49) -> 543241020 | D44: =IF('Pengetahuan (rincian)'!D49="","",'Pengetahuan (rincian)'!D49) -> YEFTA CHRISTIAN LENGKONG
A45: =IF('Pengetahuan (rincian)'!A50="","",'Pengetahuan (rincian)'!A50) -> 39 | B45: =IF('Pengetahuan (rincian)'!B50="","",'Pengetahuan (rincian)'!B50) | D45: =IF('Pengetahuan (rincian)'!D50="","",'Pengetahuan (rincian)'!D50)
A46: =IF('Pengetahuan (rincian)'!A51="","",'Pengetahuan (rincian)'!A51) -> 40 | B46: =IF('Pengetahuan (rincian)'!B51="","",'Pengetahuan (rincian)'!B51) | D46: =IF('Pengetahuan (rincian)'!D51="","",'Pengetahuan (rincian)'!D51)
B47: =IF('Pengetahuan (rincian)'!B52="","",'Pengetahuan (rincian)'!B52) | D47: =IF('Pengetahuan (rincian)'!D52="","",'Pengetahuan (rincian)'!D52)
A48: Keterangan :
A49: 1 | B49: Isian ini digunakan untuk membantu mengisi penilaian diri sendiri dan antar teman | H49: ='Pengetahuan (rincian)'!N54 -> Banjarbaru, Agustus 2025
A50: 2 | B50: Isikan skor sesuai hasil yang telah diisi oleh peserta didik maupun teman sejawat (1/2/3/4) | H50: Guru Mata Pelajaran
H54: ='Pengetahuan (rincian)'!N59
A55: Copyright Ó SMKTelkom SP Banjarbaru – Juli 2014 Ver 1.0

Sheet Sikap (dari Guru)
U1: Confidential
C2: =CONCATENATE("DAFTAR NILAI SIKAP PESERTA DIDIK KELAS ",RIGHT('Pengetahuan (rincian)'!C2,7)) -> DAFTAR NILAI SIKAP PESERTA DIDIK KELAS XIE RPL
C3: ='Pengetahuan (rincian)'!C3:U3 -> SMK TELKOM BANJARBARU
C4: ='Pengetahuan (rincian)'!C4:U4 -> TAHUN PELAJARAN 2025-2026
A6: ='Pengetahuan (rincian)'!A6 -> MATA PELAJARAN : | U6: ='Pengetahuan (rincian)'!AV6 -> SEMESTER : GANJIL
A9: NO | B9: NOMOR INDUK | D9: NAMA SISWA | E9: SIKAP SOSIAL DAN SPIRITUAL | T9: SKOR | U9: NILAI
E10: NILAI OBSERVASI | O10: NILAI JURNAL
E11: Tekun | F11: Kerjasama | G11: Tanggung Jawab | H11: Toleran | I11: Kreativitas | J11: Kejujuran | K11: Kecermatan | L11: Santun | M11: Proaktif | N11: Taat Beragama | O11: Kehadiran | P11: Kedisiplinan | Q11: Kelakuan | R11: Kerajinan | S11: Kerapihan
A12: 1 | B12: =IF('Pengetahuan (rincian)'!B12="","",'Pengetahuan (rincian)'!B12) -> 543241108 | D12: =IF('Pengetahuan (rincian)'!D12="","",'Pengetahuan (rincian)'!D12) -> AHMAD FAIZH GIFFARY SYA'BANA | T12: =IF(OR(COUNT('Sikap (dari Siswa)'!E12:N12)<2,COUNT('Sikap (dari Siswa)'!O12:X12)<2,COUNT(E12:N12)<2,COUNT(O12:S12)<2),"",(AVERAGE('Sikap (dari Siswa)'!E12:N12)+AVERAGE('Sikap (dari Siswa)'!O12:X12)+2*AVERAGE(E12:N12)+AVERAGE(O12:S12))/5) | U12: =IF(T12="","",IF(T12>=3.66,"SB",IF(T12>=2.66,"B",IF(T12>=1.66,"C","K"))))
A13: 2 | B13: =IF('Pengetahuan (rincian)'!B13="","",'Pengetahuan (rincian)'!B13) -> 543241071 | D13: =IF('Pengetahuan (rincian)'!D13="","",'Pengetahuan (rincian)'!D13) -> AHMAD SAJIDAN ATHAILLAH | T13: =IF(OR(COUNT('Sikap (dari Siswa)'!E13:N13)<2,COUNT('Sikap (dari Siswa)'!O13:X13)<2,COUNT(E13:N13)<2,COUNT(O13:S13)<2),"",(AVERAGE('Sikap (dari Siswa)'!E13:N13)+AVERAGE('Sikap (dari Siswa)'!O13:X13)+2*AVERAGE(E13:N13)+AVERAGE(O13:S13))/5) | U13: =IF(T13="","",IF(T13>=3.66,"SB",IF(T13>=2.66,"B",IF(T13>=1.66,"C","K"))))
A14: 3 | B14: =IF('Pengetahuan (rincian)'!B14="","",'Pengetahuan (rincian)'!B14) -> 543241110 | D14: =IF('Pengetahuan (rincian)'!D14="","",'Pengetahuan (rincian)'!D14) -> AKHMAD SUPRIYADI | T14: =IF(OR(COUNT('Sikap (dari Siswa)'!E14:N14)<2,COUNT('Sikap (dari Siswa)'!O14:X14)<2,COUNT(E14:N14)<2,COUNT(O14:S14)<2),"",(AVERAGE('Sikap (dari Siswa)'!E14:N14)+AVERAGE('Sikap (dari Siswa)'!O14:X14)+2*AVERAGE(E14:N14)+AVERAGE(O14:S14))/5) | U14: =IF(T14="","",IF(T14>=3.66,"SB",IF(T14>=2.66,"B",IF(T14>=1.66,"C","K"))))
A15: 4 | B15: =IF('Pengetahuan (rincian)'!B15="","",'Pengetahuan (rincian)'!B15) -> 543241112 | D15: =IF('Pengetahuan (rincian)'!D15="","",'Pengetahuan (rincian)'!D15) -> ALFIAH RAHMAWATI PUTRI | T15: =IF(OR(COUNT('Sikap (dari Siswa)'!E15:N15)<2,COUNT('Sikap (dari Siswa)'!O15:X15)<2,COUNT(E15:N15)<2,COUNT(O15:S15)<2),"",(AVERAGE('Sikap (dari Siswa)'!E15:N15)+AVERAGE('Sikap (dari Siswa)'!O15:X15)+2*AVERAGE(E15:N15)+AVERAGE(O15:S15))/5) | U15: =IF(T15="","",IF(T15>=3.66,"SB",IF(T15>=2.66,"B",IF(T15>=1.66,"C","K"))))
A16: 5 | B16: =IF('Pengetahuan (rincian)'!B16="","",'Pengetahuan (rincian)'!B16) -> 543241113 | D16: =IF('Pengetahuan (rincian)'!D16="","",'Pengetahuan (rincian)'!D16) -> ARMAN DUARTE | T16: =IF(OR(COUNT('Sikap (dari Siswa)'!E16:N16)<2,COUNT('Sikap (dari Siswa)'!O16:X16)<2,COUNT(E16:N16)<2,COUNT(O16:S16)<2),"",(AVERAGE('Sikap (dari Siswa)'!E16:N16)+AVERAGE('Sikap (dari Siswa)'!O16:X16)+2*AVERAGE(E16:N16)+AVERAGE(O16:S16))/5) | U16: =IF(T16="","",IF(T16>=3.66,"SB",IF(T16>=2.66,"B",IF(T16>=1.66,"C","K"))))
A17: 6 | B17: =IF('Pengetahuan (rincian)'!B17="","",'Pengetahuan (rincian)'!B17) -> 543241114 | D17: =IF('Pengetahuan (rincian)'!D17="","",'Pengetahuan (rincian)'!D17) -> AULIA AGUSTIANTI RAMADHANI | T17: =IF(OR(COUNT('Sikap (dari Siswa)'!E17:N17)<2,COUNT('Sikap (dari Siswa)'!O17:X17)<2,COUNT(E17:N17)<2,COUNT(O17:S17)<2),"",(AVERAGE('Sikap (dari Siswa)'!E17:N17)+AVERAGE('Sikap (dari Siswa)'!O17:X17)+2*AVERAGE(E17:N17)+AVERAGE(O17:S17))/5) | U17: =IF(T17="","",IF(T17>=3.66,"SB",IF(T17>=2.66,"B",IF(T17>=1.66,"C","K"))))
A18: 7 | B18: =IF('Pengetahuan (rincian)'!B18="","",'Pengetahuan (rincian)'!B18) -> 543241025 | D18: =IF('Pengetahuan (rincian)'!D18="","",'Pengetahuan (rincian)'!D18) -> BETARUS MARCHIANO BOANERGES | T18: =IF(OR(COUNT('Sikap (dari Siswa)'!E18:N18)<2,COUNT('Sikap (dari Siswa)'!O18:X18)<2,COUNT(E18:N18)<2,COUNT(O18:S18)<2),"",(AVERAGE('Sikap (dari Siswa)'!E18:N18)+AVERAGE('Sikap (dari Siswa)'!O18:X18)+2*AVERAGE(E18:N18)+AVERAGE(O18:S18))/5) | U18: =IF(T18="","",IF(T18>=3.66,"SB",IF(T18>=2.66,"B",IF(T18>=1.66,"C","K"))))
A19: 8 | B19: =IF('Pengetahuan (rincian)'!B19="","",'Pengetahuan (rincian)'!B19) -> 543241078 | D19: =IF('Pengetahuan (rincian)'!D19="","",'Pengetahuan (rincian)'!D19) -> DANIEL DIMAS NUGROHO | T19: =IF(OR(COUNT('Sikap (dari Siswa)'!E19:N19)<2,COUNT('Sikap (dari Siswa)'!O19:X19)<2,COUNT(E19:N19)<2,COUNT(O19:S19)<2),"",(AVERAGE('Sikap (dari Siswa)'!E19:N19)+AVERAGE('Sikap (dari Siswa)'!O19:X19)+2*AVERAGE(E19:N19)+AVERAGE(O19:S19))/5) | U19: =IF(T19="","",IF(T19>=3.66,"SB",IF(T19>=2.66,"B",IF(T19>=1.66,"C","K"))))
A20: 9 | B20: =IF('Pengetahuan (rincian)'!B20="","",'Pengetahuan (rincian)'!B20) -> 543241080 | D20: =IF('Pengetahuan (rincian)'!D20="","",'Pengetahuan (rincian)'!D20) -> DEDE FEBRYLIANTONI | T20: =IF(OR(COUNT('Sikap (dari Siswa)'!E20:N20)<2,COUNT('Sikap (dari Siswa)'!O20:X20)<2,COUNT(E20:N20)<2,COUNT(O20:S20)<2),"",(AVERAGE('Sikap (dari Siswa)'!E20:N20)+AVERAGE('Sikap (dari Siswa)'!O20:X20)+2*AVERAGE(E20:N20)+AVERAGE(O20:S20))/5) | U20: =IF(T20="","",IF(T20>=3.66,"SB",IF(T20>=2.66,"B",IF(T20>=1.66,"C","K"))))
A21: 10 | B21: =IF('Pengetahuan (rincian)'!B21="","",'Pengetahuan (rincian)'!B21) -> 543241081 | D21: =IF('Pengetahuan (rincian)'!D21="","",'Pengetahuan (rincian)'!D21) -> GHANIY PUTRI AR RAZZAQ | T21: =IF(OR(COUNT('Sikap (dari Siswa)'!E21:N21)<2,COUNT('Sikap (dari Siswa)'!O21:X21)<2,COUNT(E21:N21)<2,COUNT(O21:S21)<2),"",(AVERAGE('Sikap (dari Siswa)'!E21:N21)+AVERAGE('Sikap (dari Siswa)'!O21:X21)+2*AVERAGE(E21:N21)+AVERAGE(O21:S21))/5) | U21: =IF(T21="","",IF(T21>=3.66,"SB",IF(T21>=2.66,"B",IF(T21>=1.66,"C","K"))))
A22: 11 | B22: =IF('Pengetahuan (rincian)'!B22="","",'Pengetahuan (rincian)'!B22) -> 543241119 | D22: =IF('Pengetahuan (rincian)'!D22="","",'Pengetahuan (rincian)'!D22) -> HAIKA MEZZIA AVEIRA | T22: =IF(OR(COUNT('Sikap (dari Siswa)'!E22:N22)<2,COUNT('Sikap (dari Siswa)'!O22:X22)<2,COUNT(E22:N22)<2,COUNT(O22:S22)<2),"",(AVERAGE('Sikap (dari Siswa)'!E22:N22)+AVERAGE('Sikap (dari Siswa)'!O22:X22)+2*AVERAGE(E22:N22)+AVERAGE(O22:S22))/5) | U22: =IF(T22="","",IF(T22>=3.66,"SB",IF(T22>=2.66,"B",IF(T22>=1.66,"C","K"))))
A23: 12 | B23: =IF('Pengetahuan (rincian)'!B23="","",'Pengetahuan (rincian)'!B23) -> 543241009 | D23: =IF('Pengetahuan (rincian)'!D23="","",'Pengetahuan (rincian)'!D23) -> KEVIN APTA | T23: =IF(OR(COUNT('Sikap (dari Siswa)'!E23:N23)<2,COUNT('Sikap (dari Siswa)'!O23:X23)<2,COUNT(E23:N23)<2,COUNT(O23:S23)<2),"",(AVERAGE('Sikap (dari Siswa)'!E23:N23)+AVERAGE('Sikap (dari Siswa)'!O23:X23)+2*AVERAGE(E23:N23)+AVERAGE(O23:S23))/5) | U23: =IF(T23="","",IF(T23>=3.66,"SB",IF(T23>=2.66,"B",IF(T23>=1.66,"C","K"))))
... A36: 25 | B36: =IF('Pengetahuan (rincian)'!B36="","",'Pengetahuan (rincian)'!B36) -> 543241135 | D36: =IF('Pengetahuan (rincian)'!D36="","",'Pengetahuan (rincian)'!D36) -> MUHAMMAD ROFIQ RIDHANI | T36: =IF(OR(COUNT('Sikap (dari Siswa)'!E36:N36)<2,COUNT('Sikap (dari Siswa)'!O36:X36)<2,COUNT(E36:N36)<2,COUNT(O36:S36)<2),"",(AVERAGE('Sikap (dari Siswa)'!E36:N36)+AVERAGE('Sikap (dari Siswa)'!O36:X36)+2*AVERAGE(E36:N36)+AVERAGE(O36:S36))/5) | U36: =IF(T36="","",IF(T36>=3.66,"SB",IF(T36>=2.66,"B",IF(T36>=1.66,"C","K"))))
A37: 26 | B37: =IF('Pengetahuan (rincian)'!B37="","",'Pengetahuan (rincian)'!B37) -> 543241099
A38: 27 | B38: =IF('Pengetahuan (rincian)'!B38="","",'Pengetahuan (rincian)'!B38) -> 543241138
A39: 28 | B39: =IF('Pengetahuan (rincian)'!B39="","",'Pengetahuan (rincian)'!B39) -> 543241101
A40: 29 | B40: =IF('Pengetahuan (rincian)'!B40="","",'Pengetahuan (rincian)'!B40) -> 543241103
A41: 30 | B41: =IF('Pengetahuan (rincian)'!B41="","",'Pengetahuan (rincian)'!B41) -> 543241017
A42: 26 | B42: =IF('Pengetahuan (rincian)'!B42="","",'Pengetahuan (rincian)'!B42) -> 543241104 | D42: =IF('Pengetahuan (rincian)'!D42="","",'Pengetahuan (rincian)'!D42) -> RIAMA GRACE SHARON HABEAHAN | T42: =IF(OR(COUNT('Sikap (dari Siswa)'!E37:N37)<2,COUNT('Sikap (dari Siswa)'!O37:X37)<2,COUNT(E42:N42)<2,COUNT(O42:S42)<2),"",(AVERAGE('Sikap (dari Siswa)'!E37:N37)+AVERAGE('Sikap (dari Siswa)'!O37:X37)+2*AVERAGE(E42:N42)+AVERAGE(O42:S42))/5) | U42: =IF(T42="","",IF(T42>=3.66,"SB",IF(T42>=2.66,"B",IF(T42>=1.66,"C","K"))))
A43: 27 | B43: =IF('Pengetahuan (rincian)'!B43="","",'Pengetahuan (rincian)'!B43) -> 543241105 | D43: =IF('Pengetahuan (rincian)'!D43="","",'Pengetahuan (rincian)'!D43) -> RICKY STEVAN | T43: =IF(OR(COUNT('Sikap (dari Siswa)'!E38:N38)<2,COUNT('Sikap (dari Siswa)'!O38:X38)<2,COUNT(E43:N43)<2,COUNT(O43:S43)<2),"",(AVERAGE('Sikap (dari Siswa)'!E38:N38)+AVERAGE('Sikap (dari Siswa)'!O38:X38)+2*AVERAGE(E43:N43)+AVERAGE(O43:S43))/5) | U43: =IF(T43="","",IF(T43>=3.66,"SB",IF(T43>=2.66,"B",IF(T43>=1.66,"C","K"))))
A44: 28 | B44: =IF('Pengetahuan (rincian)'!B44="","",'Pengetahuan (rincian)'!B44) -> 543241069 | D44: =IF('Pengetahuan (rincian)'!D44="","",'Pengetahuan (rincian)'!D44) -> ROSYID IFNI ANDRIANSYAH | T44: =IF(OR(COUNT('Sikap (dari Siswa)'!E39:N39)<2,COUNT('Sikap (dari Siswa)'!O39:X39)<2,COUNT(E44:N44)<2,COUNT(O44:S44)<2),"",(AVERAGE('Sikap (dari Siswa)'!E39:N39)+AVERAGE('Sikap (dari Siswa)'!O39:X39)+2*AVERAGE(E44:N44)+AVERAGE(O44:S44))/5) | U44: =IF(T44="","",IF(T44>=3.66,"SB",IF(T44>=2.66,"B",IF(T44>=1.66,"C","K"))))
A45: 29 | B45: =IF('Pengetahuan (rincian)'!B45="","",'Pengetahuan (rincian)'!B45) -> 543241106 | D45: =IF('Pengetahuan (rincian)'!D45="","",'Pengetahuan (rincian)'!D45) -> SAMUEL DEAN ZEBAYA | T45: =IF(OR(COUNT('Sikap (dari Siswa)'!E40:N40)<2,COUNT('Sikap (dari Siswa)'!O40:X40)<2,COUNT(E45:N45)<2,COUNT(O45:S45)<2),"",(AVERAGE('Sikap (dari Siswa)'!E40:N40)+AVERAGE('Sikap (dari Siswa)'!O40:X40)+2*AVERAGE(E45:N45)+AVERAGE(O45:S45))/5) | U45: =IF(T45="","",IF(T45>=3.66,"SB",IF(T45>=2.66,"B",IF(T45>=1.66,"C","K"))))
A46: 30 | B46: =IF('Pengetahuan (rincian)'!B46="","",'Pengetahuan (rincian)'!B46) -> 543241143 | D46: =IF('Pengetahuan (rincian)'!D46="","",'Pengetahuan (rincian)'!D46) -> SELVANO SENA AJI PATRIA | T46: =IF(OR(COUNT('Sikap (dari Siswa)'!E41:N41)<2,COUNT('Sikap (dari Siswa)'!O41:X41)<2,COUNT(E46:N46)<2,COUNT(O46:S46)<2),"",(AVERAGE('Sikap (dari Siswa)'!E41:N41)+AVERAGE('Sikap (dari Siswa)'!O41:X41)+2*AVERAGE(E46:N46)+AVERAGE(O46:S46))/5) | U46: =IF(T46="","",IF(T46>=3.66,"SB",IF(T46>=2.66,"B",IF(T46>=1.66,"C","K"))))
A47: 31 | B47: =IF('Pengetahuan (rincian)'!B47="","",'Pengetahuan (rincian)'!B47) -> 543241107 | D47: =IF('Pengetahuan (rincian)'!D47="","",'Pengetahuan (rincian)'!D47) -> SHIDDIQ NAFIS HIBATULLAH | T47: =IF(OR(COUNT('Sikap (dari Siswa)'!E42:N42)<2,COUNT('Sikap (dari Siswa)'!O42:X42)<2,COUNT(E47:N47)<2,COUNT(O47:S47)<2),"",(AVERAGE('Sikap (dari Siswa)'!E42:N42)+AVERAGE('Sikap (dari Siswa)'!O42:X42)+2*AVERAGE(E47:N47)+AVERAGE(O47:S47))/5) | U47: =IF(T47="","",IF(T47>=3.66,"SB",IF(T47>=2.66,"B",IF(T47>=1.66,"C","K"))))
A48: 32 | B48: =IF('Pengetahuan (rincian)'!B48="","",'Pengetahuan (rincian)'!B48) -> 543241045 | D48: =IF('Pengetahuan (rincian)'!D48="","",'Pengetahuan (rincian)'!D48) -> STEFANDER GERALD ROLANDO | T48: =IF(OR(COUNT('Sikap (dari Siswa)'!E43:N43)<2,COUNT('Sikap (dari Siswa)'!O43:X43)<2,COUNT(E48:N48)<2,COUNT(O48:S48)<2),"",(AVERAGE('Sikap (dari Siswa)'!E43:N43)+AVERAGE('Sikap (dari Siswa)'!O43:X43)+2*AVERAGE(E48:N48)+AVERAGE(O48:S48))/5) | U48: =IF(T48="","",IF(T48>=3.66,"SB",IF(T48>=2.66,"B",IF(T48>=1.66,"C","K"))))
A49: 33 | B49: =IF('Pengetahuan (rincian)'!B49="","",'Pengetahuan (rincian)'!B49) -> 543241020 | D49: =IF('Pengetahuan (rincian)'!D49="","",'Pengetahuan (rincian)'!D49) -> YEFTA CHRISTIAN LENGKONG | T49: =IF(OR(COUNT('Sikap (dari Siswa)'!E44:N44)<2,COUNT('Sikap (dari Siswa)'!O44:X44)<2,COUNT(E49:N49)<2,COUNT(O49:S49)<2),"",(AVERAGE('Sikap (dari Siswa)'!E44:N44)+AVERAGE('Sikap (dari Siswa)'!O44:X44)+2*AVERAGE(E49:N49)+AVERAGE(O49:S49))/5) | U49: =IF(T49="","",IF(T49>=3.66,"SB",IF(T49>=2.66,"B",IF(T49>=1.66,"C","K"))))
A50: 34 | B50: =IF('Pengetahuan (rincian)'!B50="","",'Pengetahuan (rincian)'!B50) | D50: =IF('Pengetahuan (rincian)'!D50="","",'Pengetahuan (rincian)'!D50) | T50: =IF(OR(COUNT('Sikap (dari Siswa)'!E45:N45)<2,COUNT('Sikap (dari Siswa)'!O45:X45)<2,COUNT(E50:N50)<2,COUNT(O50:S50)<2),"",(AVERAGE('Sikap (dari Siswa)'!E45:N45)+AVERAGE('Sikap (dari Siswa)'!O45:X45)+2*AVERAGE(E50:N50)+AVERAGE(O50:S50))/5) | U50: =IF(T50="","",IF(T50>=3.66,"SB",IF(T50>=2.66,"B",IF(T50>=1.66,"C","K"))))
A51: 35 | B51: =IF('Pengetahuan (rincian)'!B51="","",'Pengetahuan (rincian)'!B51) | D51: =IF('Pengetahuan (rincian)'!D51="","",'Pengetahuan (rincian)'!D51) | T51: =IF(OR(COUNT('Sikap (dari Siswa)'!E46:N46)<2,COUNT('Sikap (dari Siswa)'!O46:X46)<2,COUNT(E51:N51)<2,COUNT(O51:S51)<2),"",(AVERAGE('Sikap (dari Siswa)'!E46:N46)+AVERAGE('Sikap (dari Siswa)'!O46:X46)+2*AVERAGE(E51:N51)+AVERAGE(O51:S51))/5) | U51: =IF(T51="","",IF(T51>=3.66,"SB",IF(T51>=2.66,"B",IF(T51>=1.66,"C","K"))))
A53: Keterangan :
A54: 1 | B54: Isian ini digunakan untuk membantu mengisi penilaian observasi dan jurnal | H54: ='Pengetahuan (rincian)'!N54 -> Banjarbaru, Agustus 2025
A55: 2 | B55: Isikan hasil skor sesuai dengan hasil observasi maupun jurnal (1/2/3/4) | H55: Guru Mata Pelajaran
A56: 3 | B56: Untuk Kehadiran :
B57: skor 4 jika 100% hadir, skor 3 jika pernah sakit/ijin (bukan tugas sekolah),
B58: skor 2 jika pernah alpa 1x atau 2x, skor 1 jika alpa > 2x
H59: ='Pengetahuan (rincian)'!N59
A60: Copyright Ó SMKTelkom SP Banjarbaru – Juli 2014 Ver 1.0

Sheet Rekap Sikap
A8: NO | B8: SIKAP SOSIAL DAN SPIRITUAL | Q8: SKOR | R8: NILAI | S8: Predikat | T8: Yang menonjol | V8: Yang kurang | X8: DESKRIPSI
B9: NILAI OBSERVASI/DIRI/SEJAWAT | L9: NILAI JURNAL
B10: Ketekunan | C10: Kerjasama | D10: Tanggung Jawab | E10: Toleransi | F10: Kreativitas | G10: Kejujuran | H10: Kecermatan | I10: Sopan Santun | J10: Proaktif | K10: Ketaatan Beragama | L10: Kehadiran | M10: Kedisiplinan | N10: Kelakuan | O10: Kerajinan | P10: Kerapihan
A11: 1 | B11: =IF(OR('Sikap (dari Siswa)'!E12="",'Sikap (dari Siswa)'!O12="",'Sikap (dari Guru)'!E12=""),"",(2*'Sikap (dari Guru)'!E12+'Sikap (dari Siswa)'!E12+'Sikap (dari Siswa)'!O12)/4) | C11: =IF(OR('Sikap (dari Siswa)'!F12="",'Sikap (dari Siswa)'!P12="",'Sikap (dari Guru)'!F12=""),"",(2*'Sikap (dari Guru)'!F12+'Sikap (dari Siswa)'!F12+'Sikap (dari Siswa)'!P12)/4) | D11: =IF(OR('Sikap (dari Siswa)'!G12="",'Sikap (dari Siswa)'!Q12="",'Sikap (dari Guru)'!G12=""),"",(2*'Sikap (dari Guru)'!G12+'Sikap (dari Siswa)'!G12+'Sikap (dari Siswa)'!Q12)/4) | E11: =IF(OR('Sikap (dari Siswa)'!H12="",'Sikap (dari Siswa)'!R12="",'Sikap (dari Guru)'!H12=""),"",(2*'Sikap (dari Guru)'!H12+'Sikap (dari Siswa)'!H12+'Sikap (dari Siswa)'!R12)/4) | F11: =IF(OR('Sikap (dari Siswa)'!I12="",'Sikap (dari Siswa)'!S12="",'Sikap (dari Guru)'!I12=""),"",(2*'Sikap (dari Guru)'!I12+'Sikap (dari Siswa)'!I12+'Sikap (dari Siswa)'!S12)/4) | G11: =IF(OR('Sikap (dari Siswa)'!J12="",'Sikap (dari Siswa)'!T12="",'Sikap (dari Guru)'!J12=""),"",(2*'Sikap (dari Guru)'!J12+'Sikap (dari Siswa)'!J12+'Sikap (dari Siswa)'!T12)/4) | H11: =IF(OR('Sikap (dari Siswa)'!K12="",'Sikap (dari Siswa)'!U12="",'Sikap (dari Guru)'!K12=""),"",(2*'Sikap (dari Guru)'!K12+'Sikap (dari Siswa)'!K12+'Sikap (dari Siswa)'!U12)/4) | I11: =IF(OR('Sikap (dari Siswa)'!L12="",'Sikap (dari Siswa)'!V12="",'Sikap (dari Guru)'!L12=""),"",(2*'Sikap (dari Guru)'!L12+'Sikap (dari Siswa)'!L12+'Sikap (dari Siswa)'!V12)/4) | ... K11: =IF(OR('Sikap (dari Siswa)'!N12="",'Sikap (dari Siswa)'!X12="",'Sikap (dari Guru)'!N12=""),"",(2*'Sikap (dari Guru)'!N12+'Sikap (dari Siswa)'!N12+'Sikap (dari Siswa)'!X12)/4) | L11: =IF('Sikap (dari Guru)'!O12="","",'Sikap (dari Guru)'!O12) | M11: =IF('Sikap (dari Guru)'!P12="","",'Sikap (dari Guru)'!P12) | N11: =IF('Sikap (dari Guru)'!Q12="","",'Sikap (dari Guru)'!Q12) | O11: =IF('Sikap (dari Guru)'!R12="","",'Sikap (dari Guru)'!R12) | P11: =IF('Sikap (dari Guru)'!S12="","",'Sikap (dari Guru)'!S12) | Q11: ='Sikap (dari Guru)'!T12 | R11: ='Sikap (dari Guru)'!U12 | S11: =IF(R11="SB", "sangat baik",IF(R11="B","baik",IF(R11="C","cukup",IF(R11="K","kurang","")))) | T11: =MAX(B11:K11) -> 0 | U11: =LOWER(INDEX($B$10:$K$10,1,MATCH(MAX(B11:K11),B11:K11,0))) -> #N/A | V11: =MIN(B11:K11) -> 0 | W11: =LOWER(INDEX($B$10:$K$10,1,MATCH(MIN(B11:K11),B11:K11,0))) -> #N/A | X11: =IF(OR(R11="C",R11="K"),CONCATENATE("Belum menunjukkan sikap yang baik dalam aspek ",W11),IF(R11="SB",CONCATENATE("Sudah menunjukkan sikap yang sangat baik dalam aspek ",U11),IF(R11="B",CONCATENATE("Sudah menunjukkan sikap yang baik dalam aspek ",U11,", namun aspek ",W11," perlu ditingkatkan"),"")))
A12: 2 | B12: =IF(OR('Sikap (dari Siswa)'!E13="",'Sikap (dari Siswa)'!O13="",'Sikap (dari Guru)'!E13=""),"",(2*'Sikap (dari Guru)'!E13+'Sikap (dari Siswa)'!E13+'Sikap (dari Siswa)'!O13)/4) | C12: =IF(OR('Sikap (dari Siswa)'!F13="",'Sikap (dari Siswa)'!P13="",'Sikap (dari Guru)'!F13=""),"",(2*'Sikap (dari Guru)'!F13+'Sikap (dari Siswa)'!F13+'Sikap (dari Siswa)'!P13)/4) | D12: =IF(OR('Sikap (dari Siswa)'!G13="",'Sikap (dari Siswa)'!Q13="",'Sikap (dari Guru)'!G13=""),"",(2*'Sikap (dari Guru)'!G13+'Sikap (dari Siswa)'!G13+'Sikap (dari Siswa)'!Q13)/4) | E12: =IF(OR('Sikap (dari Siswa)'!H13="",'Sikap (dari Siswa)'!R13="",'Sikap (dari Guru)'!H13=""),"",(2*'Sikap (dari Guru)'!H13+'Sikap (dari Siswa)'!H13+'Sikap (dari Siswa)'!R13)/4) | F12: =IF(OR('Sikap (dari Siswa)'!I13="",'Sikap (dari Siswa)'!S13="",'Sikap (dari Guru)'!I13=""),"",(2*'Sikap (dari Guru)'!I13+'Sikap (dari Siswa)'!I13+'Sikap (dari Siswa)'!S13)/4) | G12: =IF(OR('Sikap (dari Siswa)'!J13="",'Sikap (dari Siswa)'!T13="",'Sikap (dari Guru)'!J13=""),"",(2*'Sikap (dari Guru)'!J13+'Sikap (dari Siswa)'!J13+'Sikap (dari Siswa)'!T13)/4) | H12: =IF(OR('Sikap (dari Siswa)'!K13="",'Sikap (dari Siswa)'!U13="",'Sikap (dari Guru)'!K13=""),"",(2*'Sikap (dari Guru)'!K13+'Sikap (dari Siswa)'!K13+'Sikap (dari Siswa)'!U13)/4) | I12: =IF(OR('Sikap (dari Siswa)'!L13="",'Sikap (dari Siswa)'!V13="",'Sikap (dari Guru)'!L13=""),"",(2*'Sikap (dari Guru)'!L13+'Sikap (dari Siswa)'!L13+'Sikap (dari Siswa)'!V13)/4) | ... K12: =IF(OR('Sikap (dari Siswa)'!N13="",'Sikap (dari Siswa)'!X13="",'Sikap (dari Guru)'!N13=""),"",(2*'Sikap (dari Guru)'!N13+'Sikap (dari Siswa)'!N13+'Sikap (dari Siswa)'!X13)/4) | L12: =IF('Sikap (dari Guru)'!O13="","",'Sikap (dari Guru)'!O13) | M12: =IF('Sikap (dari Guru)'!P13="","",'Sikap (dari Guru)'!P13) | N12: =IF('Sikap (dari Guru)'!Q13="","",'Sikap (dari Guru)'!Q13) | O12: =IF('Sikap (dari Guru)'!R13="","",'Sikap (dari Guru)'!R13) | P12: =IF('Sikap (dari Guru)'!S13="","",'Sikap (dari Guru)'!S13) | Q12: ='Sikap (dari Guru)'!T13 | R12: ='Sikap (dari Guru)'!U13 | S12: =IF(R12="SB", "sangat baik",IF(R12="B","baik",IF(R12="C","cukup",IF(R12="K","kurang","")))) | T12: =MAX(B12:K12) -> 0 | U12: =LOWER(INDEX($B$10:$K$10,1,MATCH(MAX(B12:K12),B12:K12,0))) -> #N/A | V12: =MIN(B12:K12) -> 0 | W12: =LOWER(INDEX($B$10:$K$10,1,MATCH(MIN(B12:K12),B12:K12,0))) -> #N/A | X12: =IF(OR(R12="C",R12="K"),CONCATENATE("Belum menunjukkan sikap yang baik dalam aspek ",W12),IF(R12="SB",CONCATENATE("Sudah menunjukkan sikap yang sangat baik dalam aspek ",U12),IF(R12="B",CONCATENATE("Sudah menunjukkan sikap yang baik dalam aspek ",U12,", namun aspek ",W12," perlu ditingkatkan"),"")))
A13: 3 | B13: =IF(OR('Sikap (dari Siswa)'!E14="",'Sikap (dari Siswa)'!O14="",'Sikap (dari Guru)'!E14=""),"",(2*'Sikap (dari Guru)'!E14+'Sikap (dari Siswa)'!E14+'Sikap (dari Siswa)'!O14)/4) | C13: =IF(OR('Sikap (dari Siswa)'!F14="",'Sikap (dari Siswa)'!P14="",'Sikap (dari Guru)'!F14=""),"",(2*'Sikap (dari Guru)'!F14+'Sikap (dari Siswa)'!F14+'Sikap (dari Siswa)'!P14)/4) | D13: =IF(OR('Sikap (dari Siswa)'!G14="",'Sikap (dari Siswa)'!Q14="",'Sikap (dari Guru)'!G14=""),"",(2*'Sikap (dari Guru)'!G14+'Sikap (dari Siswa)'!G14+'Sikap (dari Siswa)'!Q14)/4) | E13: =IF(OR('Sikap (dari Siswa)'!H14="",'Sikap (dari Siswa)'!R14="",'Sikap (dari Guru)'!H14=""),"",(2*'Sikap (dari Guru)'!H14+'Sikap (dari Siswa)'!H14+'Sikap (dari Siswa)'!R14)/4) | F13: =IF(OR('Sikap (dari Siswa)'!I14="",'Sikap (dari Siswa)'!S14="",'Sikap (dari Guru)'!I14=""),"",(2*'Sikap (dari Guru)'!I14+'Sikap (dari Siswa)'!I14+'Sikap (dari Siswa)'!S14)/4) | G13: =IF(OR('Sikap (dari Siswa)'!J14="",'Sikap (dari Siswa)'!T14="",'Sikap (dari Guru)'!J14=""),"",(2*'Sikap (dari Guru)'!J14+'Sikap (dari Siswa)'!J14+'Sikap (dari Siswa)'!T14)/4) | H13: =IF(OR('Sikap (dari Siswa)'!K14="",'Sikap (dari Siswa)'!U14="",'Sikap (dari Guru)'!K14=""),"",(2*'Sikap (dari Guru)'!K14+'Sikap (dari Siswa)'!K14+'Sikap (dari Siswa)'!U14)/4) | I13: =IF(OR('Sikap (dari Siswa)'!L14="",'Sikap (dari Siswa)'!V14="",'Sikap (dari Guru)'!L14=""),"",(2*'Sikap (dari Guru)'!L14+'Sikap (dari Siswa)'!L14+'Sikap (dari Siswa)'!V14)/4) | ... K13: =IF(OR('Sikap (dari Siswa)'!N14="",'Sikap (dari Siswa)'!X14="",'Sikap (dari Guru)'!N14=""),"",(2*'Sikap (dari Guru)'!N14+'Sikap (dari Siswa)'!N14+'Sikap (dari Siswa)'!X14)/4) | L13: =IF('Sikap (dari Guru)'!O14="","",'Sikap (dari Guru)'!O14) | M13: =IF('Sikap (dari Guru)'!P14="","",'Sikap (dari Guru)'!P14) | N13: =IF('Sikap (dari Guru)'!Q14="","",'Sikap (dari Guru)'!Q14) | O13: =IF('Sikap (dari Guru)'!R14="","",'Sikap (dari Guru)'!R14) | P13: =IF('Sikap (dari Guru)'!S14="","",'Sikap (dari Guru)'!S14) | Q13: ='Sikap (dari Guru)'!T14 | R13: ='Sikap (dari Guru)'!U14 | S13: =IF(R13="SB", "sangat baik",IF(R13="B","baik",IF(R13="C","cukup",IF(R13="K","kurang","")))) | T13: =MAX(B13:K13) -> 0 | U13: =LOWER(INDEX($B$10:$K$10,1,MATCH(MAX(B13:K13),B13:K13,0))) -> #N/A | V13: =MIN(B13:K13) -> 0 | W13: =LOWER(INDEX($B$10:$K$10,1,MATCH(MIN(B13:K13),B13:K13,0))) -> #N/A | X13: =IF(OR(R13="C",R13="K"),CONCATENATE("Belum menunjukkan sikap yang baik dalam aspek ",W13),IF(R13="SB",CONCATENATE("Sudah menunjukkan sikap yang sangat baik dalam aspek ",U13),IF(R13="B",CONCATENATE("Sudah menunjukkan sikap yang baik dalam aspek ",U13,", namun aspek ",W13," perlu ditingkatkan"),"")))
A14: 4 | B14: =IF(OR('Sikap (dari Siswa)'!E15="",'Sikap (dari Siswa)'!O15="",'Sikap (dari Guru)'!E15=""),"",(2*'Sikap (dari Guru)'!E15+'Sikap (dari Siswa)'!E15+'Sikap (dari Siswa)'!O15)/4) | C14: =IF(OR('Sikap (dari Siswa)'!F15="",'Sikap (dari Siswa)'!P15="",'Sikap (dari Guru)'!F15=""),"",(2*'Sikap (dari Guru)'!F15+'Sikap (dari Siswa)'!F15+'Sikap (dari Siswa)'!P15)/4) | D14: =IF(OR('Sikap (dari Siswa)'!G15="",'Sikap (dari Siswa)'!Q15="",'Sikap (dari Guru)'!G15=""),"",(2*'Sikap (dari Guru)'!G15+'Sikap (dari Siswa)'!G15+'Sikap (dari Siswa)'!Q15)/4) | E14: =IF(OR('Sikap (dari Siswa)'!H15="",'Sikap (dari Siswa)'!R15="",'Sikap (dari Guru)'!H15=""),"",(2*'Sikap (dari Guru)'!H15+'Sikap (dari Siswa)'!H15+'Sikap (dari Siswa)'!R15)/4) | F14: =IF(OR('Sikap (dari Siswa)'!I15="",'Sikap (dari Siswa)'!S15="",'Sikap (dari Guru)'!I15=""),"",(2*'Sikap (dari Guru)'!I15+'Sikap (dari Siswa)'!I15+'Sikap (dari Siswa)'!S15)/4) | G14: =IF(OR('Sikap (dari Siswa)'!J15="",'Sikap (dari Siswa)'!T15="",'Sikap (dari Guru)'!J15=""),"",(2*'Sikap (dari Guru)'!J15+'Sikap (dari Siswa)'!J15+'Sikap (dari Siswa)'!T15)/4) | H14: =IF(OR('Sikap (dari Siswa)'!K15="",'Sikap (dari Siswa)'!U15="",'Sikap (dari Guru)'!K15=""),"",(2*'Sikap (dari Guru)'!K15+'Sikap (dari Siswa)'!K15+'Sikap (dari Siswa)'!U15)/4) | I14: =IF(OR('Sikap (dari Siswa)'!L15="",'Sikap (dari Siswa)'!V15="",'Sikap (dari Guru)'!L15=""),"",(2*'Sikap (dari Guru)'!L15+'Sikap (dari Siswa)'!L15+'Sikap (dari Siswa)'!V15)/4) | ... K14: =IF(OR('Sikap (dari Siswa)'!N15="",'Sikap (dari Siswa)'!X15="",'Sikap (dari Guru)'!N15=""),"",(2*'Sikap (dari Guru)'!N15+'Sikap (dari Siswa)'!N15+'Sikap (dari Siswa)'!X15)/4) | L14: =IF('Sikap (dari Guru)'!O15="","",'Sikap (dari Guru)'!O15) | M14: =IF('Sikap (dari Guru)'!P15="","",'Sikap (dari Guru)'!P15) | N14: =IF('Sikap (dari Guru)'!Q15="","",'Sikap (dari Guru)'!Q15) | O14: =IF('Sikap (dari Guru)'!R15="","",'Sikap (dari Guru)'!R15) | P14: =IF('Sikap (dari Guru)'!S15="","",'Sikap (dari Guru)'!S15) | Q14: ='Sikap (dari Guru)'!T15 | R14: ='Sikap (dari Guru)'!U15 | S14: =IF(R14="SB", "sangat baik",IF(R14="B","baik",IF(R14="C","cukup",IF(R14="K","kurang","")))) | T14: =MAX(B14:K14) -> 0 | U14: =LOWER(INDEX($B$10:$K$10,1,MATCH(MAX(B14:K14),B14:K14,0))) -> #N/A | V14: =MIN(B14:K14) -> 0 | W14: =LOWER(INDEX($B$10:$K$10,1,MATCH(MIN(B14:K14),B14:K14,0))) -> #N/A | X14: =IF(OR(R14="C",R14="K"),CONCATENATE("Belum menunjukkan sikap yang baik dalam aspek ",W14),IF(R14="SB",CONCATENATE("Sudah menunjukkan sikap yang sangat baik dalam aspek ",U14),IF(R14="B",CONCATENATE("Sudah menunjukkan sikap yang baik dalam aspek ",U14,", namun aspek ",W14," perlu ditingkatkan"),"")))
A15: 5 | B15: =IF(OR('Sikap (dari Siswa)'!E16="",'Sikap (dari Siswa)'!O16="",'Sikap (dari Guru)'!E16=""),"",(2*'Sikap (dari Guru)'!E16+'Sikap (dari Siswa)'!E16+'Sikap (dari Siswa)'!O16)/4) | C15: =IF(OR('Sikap (dari Siswa)'!F16="",'Sikap (dari Siswa)'!P16="",'Sikap (dari Guru)'!F16=""),"",(2*'Sikap (dari Guru)'!F16+'Sikap (dari Siswa)'!F16+'Sikap (dari Siswa)'!P16)/4) | D15: =IF(OR('Sikap (dari Siswa)'!G16="",'Sikap (dari Siswa)'!Q16="",'Sikap (dari Guru)'!G16=""),"",(2*'Sikap (dari Guru)'!G16+'Sikap (dari Siswa)'!G16+'Sikap (dari Siswa)'!Q16)/4) | E15: =IF(OR('Sikap (dari Siswa)'!H16="",'Sikap (dari Siswa)'!R16="",'Sikap (dari Guru)'!H16=""),"",(2*'Sikap (dari Guru)'!H16+'Sikap (dari Siswa)'!H16+'Sikap (dari Siswa)'!R16)/4) | F15: =IF(OR('Sikap (dari Siswa)'!I16="",'Sikap (dari Siswa)'!S16="",'Sikap (dari Guru)'!I16=""),"",(2*'Sikap (dari Guru)'!I16+'Sikap (dari Siswa)'!I16+'Sikap (dari Siswa)'!S16)/4) | G15: =IF(OR('Sikap (dari Siswa)'!J16="",'Sikap (dari Siswa)'!T16="",'Sikap (dari Guru)'!J16=""),"",(2*'Sikap (dari Guru)'!J16+'Sikap (dari Siswa)'!J16+'Sikap (dari Siswa)'!T16)/4) | H15: =IF(OR('Sikap (dari Siswa)'!K16="",'Sikap (dari Siswa)'!U16="",'Sikap (dari Guru)'!K16=""),"",(2*'Sikap (dari Guru)'!K16+'Sikap (dari Siswa)'!K16+'Sikap (dari Siswa)'!U16)/4) | I15: =IF(OR('Sikap (dari Siswa)'!L16="",'Sikap (dari Siswa)'!V16="",'Sikap (dari Guru)'!L16=""),"",(2*'Sikap (dari Guru)'!L16+'Sikap (dari Siswa)'!L16+'Sikap (dari Siswa)'!V16)/4) | ... K15: =IF(OR('Sikap (dari Siswa)'!N16="",'Sikap (dari Siswa)'!X16="",'Sikap (dari Guru)'!N16=""),"",(2*'Sikap (dari Guru)'!N16+'Sikap (dari Siswa)'!N16+'Sikap (dari Siswa)'!X16)/4) | L15: =IF('Sikap (dari Guru)'!O16="","",'Sikap (dari Guru)'!O16) | M15: =IF('Sikap (dari Guru)'!P16="","",'Sikap (dari Guru)'!P16) | N15: =IF('Sikap (dari Guru)'!Q16="","",'Sikap (dari Guru)'!Q16) | O15: =IF('Sikap (dari Guru)'!R16="","",'Sikap (dari Guru)'!R16) | P15: =IF('Sikap (dari Guru)'!S16="","",'Sikap (dari Guru)'!S16) | Q15: ='Sikap (dari Guru)'!T16 | R15: ='Sikap (dari Guru)'!U16 | S15: =IF(R15="SB", "sangat baik",IF(R15="B","baik",IF(R15="C","cukup",IF(R15="K","kurang","")))) | T15: =MAX(B15:K15) -> 0 | U15: =LOWER(INDEX($B$10:$K$10,1,MATCH(MAX(B15:K15),B15:K15,0))) -> #N/A | V15: =MIN(B15:K15) -> 0 | W15: =LOWER(INDEX($B$10:$K$10,1,MATCH(MIN(B15:K15),B15:K15,0))) -> #N/A | X15: =IF(OR(R15="C",R15="K"),CONCATENATE("Belum menunjukkan sikap yang baik dalam aspek ",W15),IF(R15="SB",CONCATENATE("Sudah menunjukkan sikap yang sangat baik dalam aspek ",U15),IF(R15="B",CONCATENATE("Sudah menunjukkan sikap yang baik dalam aspek ",U15,", namun aspek ",W15," perlu ditingkatkan"),"")))
A16: 6 | B16: =IF(OR('Sikap (dari Siswa)'!E17="",'Sikap (dari Siswa)'!O17="",'Sikap (dari Guru)'!E17=""),"",(2*'Sikap (dari Guru)'!E17+'Sikap (dari Siswa)'!E17+'Sikap (dari Siswa)'!O17)/4) | C16: =IF(OR('Sikap (dari Siswa)'!F17="",'Sikap (dari Siswa)'!P17="",'Sikap (dari Guru)'!F17=""),"",(2*'Sikap (dari Guru)'!F17+'Sikap (dari Siswa)'!F17+'Sikap (dari Siswa)'!P17)/4) | D16: =IF(OR('Sikap (dari Siswa)'!G17="",'Sikap (dari Siswa)'!Q17="",'Sikap (dari Guru)'!G17=""),"",(2*'Sikap (dari Guru)'!G17+'Sikap (dari Siswa)'!G17+'Sikap (dari Siswa)'!Q17)/4) | E16: =IF(OR('Sikap (dari Siswa)'!H17="",'Sikap (dari Siswa)'!R17="",'Sikap (dari Guru)'!H17=""),"",(2*'Sikap (dari Guru)'!H17+'Sikap (dari Siswa)'!H17+'Sikap (dari Siswa)'!R17)/4) | F16: =IF(OR('Sikap (dari Siswa)'!I17="",'Sikap (dari Siswa)'!S17="",'Sikap (dari Guru)'!I17=""),"",(2*'Sikap (dari Guru)'!I17+'Sikap (dari Siswa)'!I17+'Sikap (dari Siswa)'!S17)/4) | G16: =IF(OR('Sikap (dari Siswa)'!J17="",'Sikap (dari Siswa)'!T17="",'Sikap (dari Guru)'!J17=""),"",(2*'Sikap (dari Guru)'!J17+'Sikap (dari Siswa)'!J17+'Sikap (dari Siswa)'!T17)/4) | H16: =IF(OR('Sikap (dari Siswa)'!K17="",'Sikap (dari Siswa)'!U17="",'Sikap (dari Guru)'!K17=""),"",(2*'Sikap (dari Guru)'!K17+'Sikap (dari Siswa)'!K17+'Sikap (dari Siswa)'!U17)/4) | I16: =IF(OR('Sikap (dari Siswa)'!L17="",'Sikap (dari Siswa)'!V17="",'Sikap (dari Guru)'!L17=""),"",(2*'Sikap (dari Guru)'!L17+'Sikap (dari Siswa)'!L17+'Sikap (dari Siswa)'!V17)/4) | ... K16: =IF(OR('Sikap (dari Siswa)'!N17="",'Sikap (dari Siswa)'!X17="",'Sikap (dari Guru)'!N17=""),"",(2*'Sikap (dari Guru)'!N17+'Sikap (dari Siswa)'!N17+'Sikap (dari Siswa)'!X17)/4) | L16: =IF('Sikap (dari Guru)'!O17="","",'Sikap (dari Guru)'!O17) | M16: =IF('Sikap (dari Guru)'!P17="","",'Sikap (dari Guru)'!P17) | N16: =IF('Sikap (dari Guru)'!Q17="","",'Sikap (dari Guru)'!Q17) | O16: =IF('Sikap (dari Guru)'!R17="","",'Sikap (dari Guru)'!R17) | P16: =IF('Sikap (dari Guru)'!S17="","",'Sikap (dari Guru)'!S17) | Q16: ='Sikap (dari Guru)'!T17 | R16: ='Sikap (dari Guru)'!U17 | S16: =IF(R16="SB", "sangat baik",IF(R16="B","baik",IF(R16="C","cukup",IF(R16="K","kurang","")))) | T16: =MAX(B16:K16) -> 0 | U16: =LOWER(INDEX($B$10:$K$10,1,MATCH(MAX(B16:K16),B16:K16,0))) -> #N/A | V16: =MIN(B16:K16) -> 0 | W16: =LOWER(INDEX($B$10:$K$10,1,MATCH(MIN(B16:K16),B16:K16,0))) -> #N/A | X16: =IF(OR(R16="C",R16="K"),CONCATENATE("Belum menunjukkan sikap yang baik dalam aspek ",W16),IF(R16="SB",CONCATENATE("Sudah menunjukkan sikap yang sangat baik dalam aspek ",U16),IF(R16="B",CONCATENATE("Sudah menunjukkan sikap yang baik dalam aspek ",U16,", namun aspek ",W16," perlu ditingkatkan"),"")))
A17: 7 | B17: =IF(OR('Sikap (dari Siswa)'!E18="",'Sikap (dari Siswa)'!O18="",'Sikap (dari Guru)'!E18=""),"",(2*'Sikap (dari Guru)'!E18+'Sikap (dari Siswa)'!E18+'Sikap (dari Siswa)'!O18)/4) | C17: =IF(OR('Sikap (dari Siswa)'!F18="",'Sikap (dari Siswa)'!P18="",'Sikap (dari Guru)'!F18=""),"",(2*'Sikap (dari Guru)'!F18+'Sikap (dari Siswa)'!F18+'Sikap (dari Siswa)'!P18)/4) | D17: =IF(OR('Sikap (dari Siswa)'!G18="",'Sikap (dari Siswa)'!Q18="",'Sikap (dari Guru)'!G18=""),"",(2*'Sikap (dari Guru)'!G18+'Sikap (dari Siswa)'!G18+'Sikap (dari Siswa)'!Q18)/4) | E17: =IF(OR('Sikap (dari Siswa)'!H18="",'Sikap (dari Siswa)'!R18="",'Sikap (dari Guru)'!H18=""),"",(2*'Sikap (dari Guru)'!H18+'Sikap (dari Siswa)'!H18+'Sikap (dari Siswa)'!R18)/4) | F17: =IF(OR('Sikap (dari Siswa)'!I18="",'Sikap (dari Siswa)'!S18="",'Sikap (dari Guru)'!I18=""),"",(2*'Sikap (dari Guru)'!I18+'Sikap (dari Siswa)'!I18+'Sikap (dari Siswa)'!S18)/4) | G17: =IF(OR('Sikap (dari Siswa)'!J18="",'Sikap (dari Siswa)'!T18="",'Sikap (dari Guru)'!J18=""),"",(2*'Sikap (dari Guru)'!J18+'Sikap (dari Siswa)'!J18+'Sikap (dari Siswa)'!T18)/4) | H17: =IF(OR('Sikap (dari Siswa)'!K18="",'Sikap (dari Siswa)'!U18="",'Sikap (dari Guru)'!K18=""),"",(2*'Sikap (dari Guru)'!K18+'Sikap (dari Siswa)'!K18+'Sikap (dari Siswa)'!U18)/4) | I17: =IF(OR('Sikap (dari Siswa)'!L18="",'Sikap (dari Siswa)'!V18="",'Sikap (dari Guru)'!L18=""),"",(2*'Sikap (dari Guru)'!L18+'Sikap (dari Siswa)'!L18+'Sikap (dari Siswa)'!V18)/4) | ... K17: =IF(OR('Sikap (dari Siswa)'!N18="",'Sikap (dari Siswa)'!X18="",'Sikap (dari Guru)'!N18=""),"",(2*'Sikap (dari Guru)'!N18+'Sikap (dari Siswa)'!N18+'Sikap (dari Siswa)'!X18)/4) | L17: =IF('Sikap (dari Guru)'!O18="","",'Sikap (dari Guru)'!O18) | M17: =IF('Sikap (dari Guru)'!P18="","",'Sikap (dari Guru)'!P18) | N17: =IF('Sikap (dari Guru)'!Q18="","",'Sikap (dari Guru)'!Q18) | O17: =IF('Sikap (dari Guru)'!R18="","",'Sikap (dari Guru)'!R18) | P17: =IF('Sikap (dari Guru)'!S18="","",'Sikap (dari Guru)'!S18) | Q17: ='Sikap (dari Guru)'!T18 | R17: ='Sikap (dari Guru)'!U18 | S17: =IF(R17="SB", "sangat baik",IF(R17="B","baik",IF(R17="C","cukup",IF(R17="K","kurang","")))) | T17: =MAX(B17:K17) -> 0 | U17: =LOWER(INDEX($B$10:$K$10,1,MATCH(MAX(B17:K17),B17:K17,0))) -> #N/A | V17: =MIN(B17:K17) -> 0 | W17: =LOWER(INDEX($B$10:$K$10,1,MATCH(MIN(B17:K17),B17:K17,0))) -> #N/A | X17: =IF(OR(R17="C",R17="K"),CONCATENATE("Belum menunjukkan sikap yang baik dalam aspek ",W17),IF(R17="SB",CONCATENATE("Sudah menunjukkan sikap yang sangat baik dalam aspek ",U17),IF(R17="B",CONCATENATE("Sudah menunjukkan sikap yang baik dalam aspek ",U17,", namun aspek ",W17," perlu ditingkatkan"),"")))
A18: 8 | B18: =IF(OR('Sikap (dari Siswa)'!E19="",'Sikap (dari Siswa)'!O19="",'Sikap (dari Guru)'!E19=""),"",(2*'Sikap (dari Guru)'!E19+'Sikap (dari Siswa)'!E19+'Sikap (dari Siswa)'!O19)/4) | C18: =IF(OR('Sikap (dari Siswa)'!F19="",'Sikap (dari Siswa)'!P19="",'Sikap (dari Guru)'!F19=""),"",(2*'Sikap (dari Guru)'!F19+'Sikap (dari Siswa)'!F19+'Sikap (dari Siswa)'!P19)/4) | D18: =IF(OR('Sikap (dari Siswa)'!G19="",'Sikap (dari Siswa)'!Q19="",'Sikap (dari Guru)'!G19=""),"",(2*'Sikap (dari Guru)'!G19+'Sikap (dari Siswa)'!G19+'Sikap (dari Siswa)'!Q19)/4) | E18: =IF(OR('Sikap (dari Siswa)'!H19="",'Sikap (dari Siswa)'!R19="",'Sikap (dari Guru)'!H19=""),"",(2*'Sikap (dari Guru)'!H19+'Sikap (dari Siswa)'!H19+'Sikap (dari Siswa)'!R19)/4) | F18: =IF(OR('Sikap (dari Siswa)'!I19="",'Sikap (dari Siswa)'!S19="",'Sikap (dari Guru)'!I19=""),"",(2*'Sikap (dari Guru)'!I19+'Sikap (dari Siswa)'!I19+'Sikap (dari Siswa)'!S19)/4) | G18: =IF(OR('Sikap (dari Siswa)'!J19="",'Sikap (dari Siswa)'!T19="",'Sikap (dari Guru)'!J19=""),"",(2*'Sikap (dari Guru)'!J19+'Sikap (dari Siswa)'!J19+'Sikap (dari Siswa)'!T19)/4) | H18: =IF(OR('Sikap (dari Siswa)'!K19="",'Sikap (dari Siswa)'!U19="",'Sikap (dari Guru)'!K19=""),"",(2*'Sikap (dari Guru)'!K19+'Sikap (dari Siswa)'!K19+'Sikap (dari Siswa)'!U19)/4) | I18: =IF(OR('Sikap (dari Siswa)'!L19="",'Sikap (dari Siswa)'!V19="",'Sikap (dari Guru)'!L19=""),"",(2*'Sikap (dari Guru)'!L19+'Sikap (dari Siswa)'!L19+'Sikap (dari Siswa)'!V19)/4) | ... K18: =IF(OR('Sikap (dari Siswa)'!N19="",'Sikap (dari Siswa)'!X19="",'Sikap (dari Guru)'!N19=""),"",(2*'Sikap (dari Guru)'!N19+'Sikap (dari Siswa)'!N19+'Sikap (dari Siswa)'!X19)/4) | L18: =IF('Sikap (dari Guru)'!O19="","",'Sikap (dari Guru)'!O19) | M18: =IF('Sikap (dari Guru)'!P19="","",'Sikap (dari Guru)'!P19) | N18: =IF('Sikap (dari Guru)'!Q19="","",'Sikap (dari Guru)'!Q19) | O18: =IF('Sikap (dari Guru)'!R19="","",'Sikap (dari Guru)'!R19) | P18: =IF('Sikap (dari Guru)'!S19="","",'Sikap (dari Guru)'!S19) | Q18: ='Sikap (dari Guru)'!T19 | R18: ='Sikap (dari Guru)'!U19 | S18: =IF(R18="SB", "sangat baik",IF(R18="B","baik",IF(R18="C","cukup",IF(R18="K","kurang","")))) | T18: =MAX(B18:K18) -> 0 | U18: =LOWER(INDEX($B$10:$K$10,1,MATCH(MAX(B18:K18),B18:K18,0))) -> #N/A | V18: =MIN(B18:K18) -> 0 | W18: =LOWER(INDEX($B$10:$K$10,1,MATCH(MIN(B18:K18),B18:K18,0))) -> #N/A | X18: =IF(OR(R18="C",R18="K"),CONCATENATE("Belum menunjukkan sikap yang baik dalam aspek ",W18),IF(R18="SB",CONCATENATE("Sudah menunjukkan sikap yang sangat baik dalam aspek ",U18),IF(R18="B",CONCATENATE("Sudah menunjukkan sikap yang baik dalam aspek ",U18,", namun aspek ",W18," perlu ditingkatkan"),"")))
A19: 9 | B19: =IF(OR('Sikap (dari Siswa)'!E20="",'Sikap (dari Siswa)'!O20="",'Sikap (dari Guru)'!E20=""),"",(2*'Sikap (dari Guru)'!E20+'Sikap (dari Siswa)'!E20+'Sikap (dari Siswa)'!O20)/4) | C19: =IF(OR('Sikap (dari Siswa)'!F20="",'Sikap (dari Siswa)'!P20="",'Sikap (dari Guru)'!F20=""),"",(2*'Sikap (dari Guru)'!F20+'Sikap (dari Siswa)'!F20+'Sikap (dari Siswa)'!P20)/4) | D19: =IF(OR('Sikap (dari Siswa)'!G20="",'Sikap (dari Siswa)'!Q20="",'Sikap (dari Guru)'!G20=""),"",(2*'Sikap (dari Guru)'!G20+'Sikap (dari Siswa)'!G20+'Sikap (dari Siswa)'!Q20)/4) | E19: =IF(OR('Sikap (dari Siswa)'!H20="",'Sikap (dari Siswa)'!R20="",'Sikap (dari Guru)'!H20=""),"",(2*'Sikap (dari Guru)'!H20+'Sikap (dari Siswa)'!H20+'Sikap (dari Siswa)'!R20)/4) | F19: =IF(OR('Sikap (dari Siswa)'!I20="",'Sikap (dari Siswa)'!S20="",'Sikap (dari Guru)'!I20=""),"",(2*'Sikap (dari Guru)'!I20+'Sikap (dari Siswa)'!I20+'Sikap (dari Siswa)'!S20)/4) | G19: =IF(OR('Sikap (dari Siswa)'!J20="",'Sikap (dari Siswa)'!T20="",'Sikap (dari Guru)'!J20=""),"",(2*'Sikap (dari Guru)'!J20+'Sikap (dari Siswa)'!J20+'Sikap (dari Siswa)'!T20)/4) | H19: =IF(OR('Sikap (dari Siswa)'!K20="",'Sikap (dari Siswa)'!U20="",'Sikap (dari Guru)'!K20=""),"",(2*'Sikap (dari Guru)'!K20+'Sikap (dari Siswa)'!K20+'Sikap (dari Siswa)'!U20)/4) | I19: =IF(OR('Sikap (dari Siswa)'!L20="",'Sikap (dari Siswa)'!V20="",'Sikap (dari Guru)'!L20=""),"",(2*'Sikap (dari Guru)'!L20+'Sikap (dari Siswa)'!L20+'Sikap (dari Siswa)'!V20)/4) | ... K19: =IF(OR('Sikap (dari Siswa)'!N20="",'Sikap (dari Siswa)'!X20="",'Sikap (dari Guru)'!N20=""),"",(2*'Sikap (dari Guru)'!N20+'Sikap (dari Siswa)'!N20+'Sikap (dari Siswa)'!X20)/4) | L19: =IF('Sikap (dari Guru)'!O20="","",'Sikap (dari Guru)'!O20) | M19: =IF('Sikap (dari Guru)'!P20="","",'Sikap (dari Guru)'!P20) | N19: =IF('Sikap (dari Guru)'!Q20="","",'Sikap (dari Guru)'!Q20) | O19: =IF('Sikap (dari Guru)'!R20="","",'Sikap (dari Guru)'!R20) | P19: =IF('Sikap (dari Guru)'!S20="","",'Sikap (dari Guru)'!S20) | Q19: ='Sikap (dari Guru)'!T20 | R19: ='Sikap (dari Guru)'!U20 | S19: =IF(R19="SB", "sangat baik",IF(R19="B","baik",IF(R19="C","cukup",IF(R19="K","kurang","")))) | T19: =MAX(B19:K19) -> 0 | U19: =LOWER(INDEX($B$10:$K$10,1,MATCH(MAX(B19:K19),B19:K19,0))) -> #N/A | V19: =MIN(B19:K19) -> 0 | W19: =LOWER(INDEX($B$10:$K$10,1,MATCH(MIN(B19:K19),B19:K19,0))) -> #N/A | X19: =IF(OR(R19="C",R19="K"),CONCATENATE("Belum menunjukkan sikap yang baik dalam aspek ",W19),IF(R19="SB",CONCATENATE("Sudah menunjukkan sikap yang sangat baik dalam aspek ",U19),IF(R19="B",CONCATENATE("Sudah menunjukkan sikap yang baik dalam aspek ",U19,", namun aspek ",W19," perlu ditingkatkan"),"")))
A20: 10 | B20: =IF(OR('Sikap (dari Siswa)'!E21="",'Sikap (dari Siswa)'!O21="",'Sikap (dari Guru)'!E21=""),"",(2*'Sikap (dari Guru)'!E21+'Sikap (dari Siswa)'!E21+'Sikap (dari Siswa)'!O21)/4) | C20: =IF(OR('Sikap (dari Siswa)'!F21="",'Sikap (dari Siswa)'!P21="",'Sikap (dari Guru)'!F21=""),"",(2*'Sikap (dari Guru)'!F21+'Sikap (dari Siswa)'!F21+'Sikap (dari Siswa)'!P21)/4) | D20: =IF(OR('Sikap (dari Siswa)'!G21="",'Sikap (dari Siswa)'!Q21="",'Sikap (dari Guru)'!G21=""),"",(2*'Sikap (dari Guru)'!G21+'Sikap (dari Siswa)'!G21+'Sikap (dari Siswa)'!Q21)/4) | E20: =IF(OR('Sikap (dari Siswa)'!H21="",'Sikap (dari Siswa)'!R21="",'Sikap (dari Guru)'!H21=""),"",(2*'Sikap (dari Guru)'!H21+'Sikap (dari Siswa)'!H21+'Sikap (dari Siswa)'!R21)/4) | F20: =IF(OR('Sikap (dari Siswa)'!I21="",'Sikap (dari Siswa)'!S21="",'Sikap (dari Guru)'!I21=""),"",(2*'Sikap (dari Guru)'!I21+'Sikap (dari Siswa)'!I21+'Sikap (dari Siswa)'!S21)/4) | G20: =IF(OR('Sikap (dari Siswa)'!J21="",'Sikap (dari Siswa)'!T21="",'Sikap (dari Guru)'!J21=""),"",(2*'Sikap (dari Guru)'!J21+'Sikap (dari Siswa)'!J21+'Sikap (dari Siswa)'!T21)/4) | H20: =IF(OR('Sikap (dari Siswa)'!K21="",'Sikap (dari Siswa)'!U21="",'Sikap (dari Guru)'!K21=""),"",(2*'Sikap (dari Guru)'!K21+'Sikap (dari Siswa)'!K21+'Sikap (dari Siswa)'!U21)/4) | I20: =IF(OR('Sikap (dari Siswa)'!L21="",'Sikap (dari Siswa)'!V21="",'Sikap (dari Guru)'!L21=""),"",(2*'Sikap (dari Guru)'!L21+'Sikap (dari Siswa)'!L21+'Sikap (dari Siswa)'!V21)/4) | ... K20: =IF(OR('Sikap (dari Siswa)'!N21="",'Sikap (dari Siswa)'!X21="",'Sikap (dari Guru)'!N21=""),"",(2*'Sikap (dari Guru)'!N21+'Sikap (dari Siswa)'!N21+'Sikap (dari Siswa)'!X21)/4) | L20: =IF('Sikap (dari Guru)'!O21="","",'Sikap (dari Guru)'!O21) | M20: =IF('Sikap (dari Guru)'!P21="","",'Sikap (dari Guru)'!P21) | N20: =IF('Sikap (dari Guru)'!Q21="","",'Sikap (dari Guru)'!Q21) | O20: =IF('Sikap (dari Guru)'!R21="","",'Sikap (dari Guru)'!R21) | P20: =IF('Sikap (dari Guru)'!S21="","",'Sikap (dari Guru)'!S21) | Q20: ='Sikap (dari Guru)'!T21 | R20: ='Sikap (dari Guru)'!U21 | S20: =IF(R20="SB", "sangat baik",IF(R20="B","baik",IF(R20="C","cukup",IF(R20="K","kurang","")))) | T20: =MAX(B20:K20) -> 0 | U20: =LOWER(INDEX($B$10:$K$10,1,MATCH(MAX(B20:K20),B20:K20,0))) -> #N/A | V20: =MIN(B20:K20) -> 0 | W20: =LOWER(INDEX($B$10:$K$10,1,MATCH(MIN(B20:K20),B20:K20,0))) -> #N/A | X20: =IF(OR(R20="C",R20="K"),CONCATENATE("Belum menunjukkan sikap yang baik dalam aspek ",W20),IF(R20="SB",CONCATENATE("Sudah menunjukkan sikap yang sangat baik dalam aspek ",U20),IF(R20="B",CONCATENATE("Sudah menunjukkan sikap yang baik dalam aspek ",U20,", namun aspek ",W20," perlu ditingkatkan"),"")))
A21: 11 | B21: =IF(OR('Sikap (dari Siswa)'!E22="",'Sikap (dari Siswa)'!O22="",'Sikap (dari Guru)'!E22=""),"",(2*'Sikap (dari Guru)'!E22+'Sikap (dari Siswa)'!E22+'Sikap (dari Siswa)'!O22)/4) | C21: =IF(OR('Sikap (dari Siswa)'!F22="",'Sikap (dari Siswa)'!P22="",'Sikap (dari Guru)'!F22=""),"",(2*'Sikap (dari Guru)'!F22+'Sikap (dari Siswa)'!F22+'Sikap (dari Siswa)'!P22)/4) | D21: =IF(OR('Sikap (dari Siswa)'!G22="",'Sikap (dari Siswa)'!Q22="",'Sikap (dari Guru)'!G22=""),"",(2*'Sikap (dari Guru)'!G22+'Sikap (dari Siswa)'!G22+'Sikap (dari Siswa)'!Q22)/4) | E21: =IF(OR('Sikap (dari Siswa)'!H22="",'Sikap (dari Siswa)'!R22="",'Sikap (dari Guru)'!H22=""),"",(2*'Sikap (dari Guru)'!H22+'Sikap (dari Siswa)'!H22+'Sikap (dari Siswa)'!R22)/4) | F21: =IF(OR('Sikap (dari Siswa)'!I22="",'Sikap (dari Siswa)'!S22="",'Sikap (dari Guru)'!I22=""),"",(2*'Sikap (dari Guru)'!I22+'Sikap (dari Siswa)'!I22+'Sikap (dari Siswa)'!S22)/4) | G21: =IF(OR('Sikap (dari Siswa)'!J22="",'Sikap (dari Siswa)'!T22="",'Sikap (dari Guru)'!J22=""),"",(2*'Sikap (dari Guru)'!J22+'Sikap (dari Siswa)'!J22+'Sikap (dari Siswa)'!T22)/4) | H21: =IF(OR('Sikap (dari Siswa)'!K22="",'Sikap (dari Siswa)'!U22="",'Sikap (dari Guru)'!K22=""),"",(2*'Sikap (dari Guru)'!K22+'Sikap (dari Siswa)'!K22+'Sikap (dari Siswa)'!U22)/4) | I21: =IF(OR('Sikap (dari Siswa)'!L22="",'Sikap (dari Siswa)'!V22="",'Sikap (dari Guru)'!L22=""),"",(2*'Sikap (dari Guru)'!L22+'Sikap (dari Siswa)'!L22+'Sikap (dari Siswa)'!V22)/4) | ... K21: =IF(OR('Sikap (dari Siswa)'!N22="",'Sikap (dari Siswa)'!X22="",'Sikap (dari Guru)'!N22=""),"",(2*'Sikap (dari Guru)'!N22+'Sikap (dari Siswa)'!N22+'Sikap (dari Siswa)'!X22)/4) | L21: =IF('Sikap (dari Guru)'!O22="","",'Sikap (dari Guru)'!O22) | M21: =IF('Sikap (dari Guru)'!P22="","",'Sikap (dari Guru)'!P22) | N21: =IF('Sikap (dari Guru)'!Q22="","",'Sikap (dari Guru)'!Q22) | O21: =IF('Sikap (dari Guru)'!R22="","",'Sikap (dari Guru)'!R22) | P21: =IF('Sikap (dari Guru)'!S22="","",'Sikap (dari Guru)'!S22) | Q21: ='Sikap (dari Guru)'!T22 | R21: ='Sikap (dari Guru)'!U22 | S21: =IF(R21="SB", "sangat baik",IF(R21="B","baik",IF(R21="C","cukup",IF(R21="K","kurang","")))) | T21: =MAX(B21:K21) -> 0 | U21: =LOWER(INDEX($B$10:$K$10,1,MATCH(MAX(B21:K21),B21:K21,0))) -> #N/A | V21: =MIN(B21:K21) -> 0 | W21: =LOWER(INDEX($B$10:$K$10,1,MATCH(MIN(B21:K21),B21:K21,0))) -> #N/A | X21: =IF(OR(R21="C",R21="K"),CONCATENATE("Belum menunjukkan sikap yang baik dalam aspek ",W21),IF(R21="SB",CONCATENATE("Sudah menunjukkan sikap yang sangat baik dalam aspek ",U21),IF(R21="B",CONCATENATE("Sudah menunjukkan sikap yang baik dalam aspek ",U21,", namun aspek ",W21," perlu ditingkatkan"),"")))
A22: 12 | B22: =IF(OR('Sikap (dari Siswa)'!E23="",'Sikap (dari Siswa)'!O23="",'Sikap (dari Guru)'!E23=""),"",(2*'Sikap (dari Guru)'!E23+'Sikap (dari Siswa)'!E23+'Sikap (dari Siswa)'!O23)/4) | C22: =IF(OR('Sikap (dari Siswa)'!F23="",'Sikap (dari Siswa)'!P23="",'Sikap (dari Guru)'!F23=""),"",(2*'Sikap (dari Guru)'!F23+'Sikap (dari Siswa)'!F23+'Sikap (dari Siswa)'!P23)/4) | D22: =IF(OR('Sikap (dari Siswa)'!G23="",'Sikap (dari Siswa)'!Q23="",'Sikap (dari Guru)'!G23=""),"",(2*'Sikap (dari Guru)'!G23+'Sikap (dari Siswa)'!G23+'Sikap (dari Siswa)'!Q23)/4) | E22: =IF(OR('Sikap (dari Siswa)'!H23="",'Sikap (dari Siswa)'!R23="",'Sikap (dari Guru)'!H23=""),"",(2*'Sikap (dari Guru)'!H23+'Sikap (dari Siswa)'!H23+'Sikap (dari Siswa)'!R23)/4) | F22: =IF(OR('Sikap (dari Siswa)'!I23="",'Sikap (dari Siswa)'!S23="",'Sikap (dari Guru)'!I23=""),"",(2*'Sikap (dari Guru)'!I23+'Sikap (dari Siswa)'!I23+'Sikap (dari Siswa)'!S23)/4) | G22: =IF(OR('Sikap (dari Siswa)'!J23="",'Sikap (dari Siswa)'!T23="",'Sikap (dari Guru)'!J23=""),"",(2*'Sikap (dari Guru)'!J23+'Sikap (dari Siswa)'!J23+'Sikap (dari Siswa)'!T23)/4) | H22: =IF(OR('Sikap (dari Siswa)'!K23="",'Sikap (dari Siswa)'!U23="",'Sikap (dari Guru)'!K23=""),"",(2*'Sikap (dari Guru)'!K23+'Sikap (dari Siswa)'!K23+'Sikap (dari Siswa)'!U23)/4) | I22: =IF(OR('Sikap (dari Siswa)'!L23="",'Sikap (dari Siswa)'!V23="",'Sikap (dari Guru)'!L23=""),"",(2*'Sikap (dari Guru)'!L23+'Sikap (dari Siswa)'!L23+'Sikap (dari Siswa)'!V23)/4) | ... K22: =IF(OR('Sikap (dari Siswa)'!N23="",'Sikap (dari Siswa)'!X23="",'Sikap (dari Guru)'!N23=""),"",(2*'Sikap (dari Guru)'!N23+'Sikap (dari Siswa)'!N23+'Sikap (dari Siswa)'!X23)/4) | L22: =IF('Sikap (dari Guru)'!O23="","",'Sikap (dari Guru)'!O23) | M22: =IF('Sikap (dari Guru)'!P23="","",'Sikap (dari Guru)'!P23) | N22: =IF('Sikap (dari Guru)'!Q23="","",'Sikap (dari Guru)'!Q23) | O22: =IF('Sikap (dari Guru)'!R23="","",'Sikap (dari Guru)'!R23) | P22: =IF('Sikap (dari Guru)'!S23="","",'Sikap (dari Guru)'!S23) | Q22: ='Sikap (dari Guru)'!T23 | R22: ='Sikap (dari Guru)'!U23 | S22: =IF(R22="SB", "sangat baik",IF(R22="B","baik",IF(R22="C","cukup",IF(R22="K","kurang","")))) | T22: =MAX(B22:K22) -> 0 | U22: =LOWER(INDEX($B$10:$K$10,1,MATCH(MAX(B22:K22),B22:K22,0))) -> #N/A | V22: =MIN(B22:K22) -> 0 | W22: =LOWER(INDEX($B$10:$K$10,1,MATCH(MIN(B22:K22),B22:K22,0))) -> #N/A | X22: =IF(OR(R22="C",R22="K"),CONCATENATE("Belum menunjukkan sikap yang baik dalam aspek ",W22),IF(R22="SB",CONCATENATE("Sudah menunjukkan sikap yang sangat baik dalam aspek ",U22),IF(R22="B",CONCATENATE("Sudah menunjukkan sikap yang baik dalam aspek ",U22,", namun aspek ",W22," perlu ditingkatkan"),"")))
... A35: 25 | B35: =IF(OR('Sikap (dari Siswa)'!E36="",'Sikap (dari Siswa)'!O36="",'Sikap (dari Guru)'!E36=""),"",(2*'Sikap (dari Guru)'!E36+'Sikap (dari Siswa)'!E36+'Sikap (dari Siswa)'!O36)/4) | C35: =IF(OR('Sikap (dari Siswa)'!F36="",'Sikap (dari Siswa)'!P36="",'Sikap (dari Guru)'!F36=""),"",(2*'Sikap (dari Guru)'!F36+'Sikap (dari Siswa)'!F36+'Sikap (dari Siswa)'!P36)/4) | D35: =IF(OR('Sikap (dari Siswa)'!G36="",'Sikap (dari Siswa)'!Q36="",'Sikap (dari Guru)'!G36=""),"",(2*'Sikap (dari Guru)'!G36+'Sikap (dari Siswa)'!G36+'Sikap (dari Siswa)'!Q36)/4) | E35: =IF(OR('Sikap (dari Siswa)'!H36="",'Sikap (dari Siswa)'!R36="",'Sikap (dari Guru)'!H36=""),"",(2*'Sikap (dari Guru)'!H36+'Sikap (dari Siswa)'!H36+'Sikap (dari Siswa)'!R36)/4) | F35: =IF(OR('Sikap (dari Siswa)'!I36="",'Sikap (dari Siswa)'!S36="",'Sikap (dari Guru)'!I36=""),"",(2*'Sikap (dari Guru)'!I36+'Sikap (dari Siswa)'!I36+'Sikap (dari Siswa)'!S36)/4) | G35: =IF(OR('Sikap (dari Siswa)'!J36="",'Sikap (dari Siswa)'!T36="",'Sikap (dari Guru)'!J36=""),"",(2*'Sikap (dari Guru)'!J36+'Sikap (dari Siswa)'!J36+'Sikap (dari Siswa)'!T36)/4) | H35: =IF(OR('Sikap (dari Siswa)'!K36="",'Sikap (dari Siswa)'!U36="",'Sikap (dari Guru)'!K36=""),"",(2*'Sikap (dari Guru)'!K36+'Sikap (dari Siswa)'!K36+'Sikap (dari Siswa)'!U36)/4) | I35: =IF(OR('Sikap (dari Siswa)'!L36="",'Sikap (dari Siswa)'!V36="",'Sikap (dari Guru)'!L36=""),"",(2*'Sikap (dari Guru)'!L36+'Sikap (dari Siswa)'!L36+'Sikap (dari Siswa)'!V36)/4) | ... K35: =IF(OR('Sikap (dari Siswa)'!N36="",'Sikap (dari Siswa)'!X36="",'Sikap (dari Guru)'!N36=""),"",(2*'Sikap (dari Guru)'!N36+'Sikap (dari Siswa)'!N36+'Sikap (dari Siswa)'!X36)/4) | L35: =IF('Sikap (dari Guru)'!O36="","",'Sikap (dari Guru)'!O36) | M35: =IF('Sikap (dari Guru)'!P36="","",'Sikap (dari Guru)'!P36) | N35: =IF('Sikap (dari Guru)'!Q36="","",'Sikap (dari Guru)'!Q36) | O35: =IF('Sikap (dari Guru)'!R36="","",'Sikap (dari Guru)'!R36) | P35: =IF('Sikap (dari Guru)'!S36="","",'Sikap (dari Guru)'!S36) | Q35: ='Sikap (dari Guru)'!T36 | R35: ='Sikap (dari Guru)'!U36 | S35: =IF(R35="SB", "sangat baik",IF(R35="B","baik",IF(R35="C","cukup",IF(R35="K","kurang","")))) | T35: =MAX(B35:K35) -> 0 | U35: =LOWER(INDEX($B$10:$K$10,1,MATCH(MAX(B35:K35),B35:K35,0))) -> #N/A | V35: =MIN(B35:K35) -> 0 | W35: =LOWER(INDEX($B$10:$K$10,1,MATCH(MIN(B35:K35),B35:K35,0))) -> #N/A | X35: =IF(OR(R35="C",R35="K"),CONCATENATE("Belum menunjukkan sikap yang baik dalam aspek ",W35),IF(R35="SB",CONCATENATE("Sudah menunjukkan sikap yang sangat baik dalam aspek ",U35),IF(R35="B",CONCATENATE("Sudah menunjukkan sikap yang baik dalam aspek ",U35,", namun aspek ",W35," perlu ditingkatkan"),"")))
A36: 26 | B36: =IF(OR('Sikap (dari Siswa)'!E37="",'Sikap (dari Siswa)'!O37="",'Sikap (dari Guru)'!E42=""),"",(2*'Sikap (dari Guru)'!E42+'Sikap (dari Siswa)'!E37+'Sikap (dari Siswa)'!O37)/4) | C36: =IF(OR('Sikap (dari Siswa)'!F37="",'Sikap (dari Siswa)'!P37="",'Sikap (dari Guru)'!F42=""),"",(2*'Sikap (dari Guru)'!F42+'Sikap (dari Siswa)'!F37+'Sikap (dari Siswa)'!P37)/4) | D36: =IF(OR('Sikap (dari Siswa)'!G37="",'Sikap (dari Siswa)'!Q37="",'Sikap (dari Guru)'!G42=""),"",(2*'Sikap (dari Guru)'!G42+'Sikap (dari Siswa)'!G37+'Sikap (dari Siswa)'!Q37)/4) | E36: =IF(OR('Sikap (dari Siswa)'!H37="",'Sikap (dari Siswa)'!R37="",'Sikap (dari Guru)'!H42=""),"",(2*'Sikap (dari Guru)'!H42+'Sikap (dari Siswa)'!H37+'Sikap (dari Siswa)'!R37)/4) | F36: =IF(OR('Sikap (dari Siswa)'!I37="",'Sikap (dari Siswa)'!S37="",'Sikap (dari Guru)'!I42=""),"",(2*'Sikap (dari Guru)'!I42+'Sikap (dari Siswa)'!I37+'Sikap (dari Siswa)'!S37)/4) | G36: =IF(OR('Sikap (dari Siswa)'!J37="",'Sikap (dari Siswa)'!T37="",'Sikap (dari Guru)'!J42=""),"",(2*'Sikap (dari Guru)'!J42+'Sikap (dari Siswa)'!J37+'Sikap (dari Siswa)'!T37)/4) | H36: =IF(OR('Sikap (dari Siswa)'!K37="",'Sikap (dari Siswa)'!U37="",'Sikap (dari Guru)'!K42=""),"",(2*'Sikap (dari Guru)'!K42+'Sikap (dari Siswa)'!K37+'Sikap (dari Siswa)'!U37)/4) | I36: =IF(OR('Sikap (dari Siswa)'!L37="",'Sikap (dari Siswa)'!V37="",'Sikap (dari Guru)'!L42=""),"",(2*'Sikap (dari Guru)'!L42+'Sikap (dari Siswa)'!L37+'Sikap (dari Siswa)'!V37)/4) | ... K36: =IF(OR('Sikap (dari Siswa)'!N37="",'Sikap (dari Siswa)'!X37="",'Sikap (dari Guru)'!N42=""),"",(2*'Sikap (dari Guru)'!N42+'Sikap (dari Siswa)'!N37+'Sikap (dari Siswa)'!X37)/4) | L36: =IF('Sikap (dari Guru)'!O42="","",'Sikap (dari Guru)'!O42) | M36: =IF('Sikap (dari Guru)'!P42="","",'Sikap (dari Guru)'!P42) | N36: =IF('Sikap (dari Guru)'!Q42="","",'Sikap (dari Guru)'!Q42) | O36: =IF('Sikap (dari Guru)'!R42="","",'Sikap (dari Guru)'!R42) | P36: =IF('Sikap (dari Guru)'!S42="","",'Sikap (dari Guru)'!S42) | Q36: ='Sikap (dari Guru)'!T42 | R36: ='Sikap (dari Guru)'!U42 | S36: =IF(R36="SB", "sangat baik",IF(R36="B","baik",IF(R36="C","cukup",IF(R36="K","kurang","")))) | T36: =MAX(B36:K36) -> 0 | U36: =LOWER(INDEX($B$10:$K$10,1,MATCH(MAX(B36:K36),B36:K36,0))) -> #N/A | V36: =MIN(B36:K36) -> 0 | W36: =LOWER(INDEX($B$10:$K$10,1,MATCH(MIN(B36:K36),B36:K36,0))) -> #N/A | X36: =IF(OR(R36="C",R36="K"),CONCATENATE("Belum menunjukkan sikap yang baik dalam aspek ",W36),IF(R36="SB",CONCATENATE("Sudah menunjukkan sikap yang sangat baik dalam aspek ",U36),IF(R36="B",CONCATENATE("Sudah menunjukkan sikap yang baik dalam aspek ",U36,", namun aspek ",W36," perlu ditingkatkan"),"")))
A37: 27 | B37: =IF(OR('Sikap (dari Siswa)'!E38="",'Sikap (dari Siswa)'!O38="",'Sikap (dari Guru)'!E43=""),"",(2*'Sikap (dari Guru)'!E43+'Sikap (dari Siswa)'!E38+'Sikap (dari Siswa)'!O38)/4) | C37: =IF(OR('Sikap (dari Siswa)'!F38="",'Sikap (dari Siswa)'!P38="",'Sikap (dari Guru)'!F43=""),"",(2*'Sikap (dari Guru)'!F43+'Sikap (dari Siswa)'!F38+'Sikap (dari Siswa)'!P38)/4) | D37: =IF(OR('Sikap (dari Siswa)'!G38="",'Sikap (dari Siswa)'!Q38="",'Sikap (dari Guru)'!G43=""),"",(2*'Sikap (dari Guru)'!G43+'Sikap (dari Siswa)'!G38+'Sikap (dari Siswa)'!Q38)/4) | E37: =IF(OR('Sikap (dari Siswa)'!H38="",'Sikap (dari Siswa)'!R38="",'Sikap (dari Guru)'!H43=""),"",(2*'Sikap (dari Guru)'!H43+'Sikap (dari Siswa)'!H38+'Sikap (dari Siswa)'!R38)/4) | F37: =IF(OR('Sikap (dari Siswa)'!I38="",'Sikap (dari Siswa)'!S38="",'Sikap (dari Guru)'!I43=""),"",(2*'Sikap (dari Guru)'!I43+'Sikap (dari Siswa)'!I38+'Sikap (dari Siswa)'!S38)/4) | G37: =IF(OR('Sikap (dari Siswa)'!J38="",'Sikap (dari Siswa)'!T38="",'Sikap (dari Guru)'!J43=""),"",(2*'Sikap (dari Guru)'!J43+'Sikap (dari Siswa)'!J38+'Sikap (dari Siswa)'!T38)/4) | H37: =IF(OR('Sikap (dari Siswa)'!K38="",'Sikap (dari Siswa)'!U38="",'Sikap (dari Guru)'!K43=""),"",(2*'Sikap (dari Guru)'!K43+'Sikap (dari Siswa)'!K38+'Sikap (dari Siswa)'!U38)/4) | I37: =IF(OR('Sikap (dari Siswa)'!L38="",'Sikap (dari Siswa)'!V38="",'Sikap (dari Guru)'!L43=""),"",(2*'Sikap (dari Guru)'!L43+'Sikap (dari Siswa)'!L38+'Sikap (dari Siswa)'!V38)/4) | ... K37: =IF(OR('Sikap (dari Siswa)'!N38="",'Sikap (dari Siswa)'!X38="",'Sikap (dari Guru)'!N43=""),"",(2*'Sikap (dari Guru)'!N43+'Sikap (dari Siswa)'!N38+'Sikap (dari Siswa)'!X38)/4) | L37: =IF('Sikap (dari Guru)'!O43="","",'Sikap (dari Guru)'!O43) | M37: =IF('Sikap (dari Guru)'!P43="","",'Sikap (dari Guru)'!P43) | N37: =IF('Sikap (dari Guru)'!Q43="","",'Sikap (dari Guru)'!Q43) | O37: =IF('Sikap (dari Guru)'!R43="","",'Sikap (dari Guru)'!R43) | P37: =IF('Sikap (dari Guru)'!S43="","",'Sikap (dari Guru)'!S43) | Q37: ='Sikap (dari Guru)'!T43 | R37: ='Sikap (dari Guru)'!U43 | S37: =IF(R37="SB", "sangat baik",IF(R37="B","baik",IF(R37="C","cukup",IF(R37="K","kurang","")))) | T37: =MAX(B37:K37) -> 0 | U37: =LOWER(INDEX($B$10:$K$10,1,MATCH(MAX(B37:K37),B37:K37,0))) -> #N/A | V37: =MIN(B37:K37) -> 0 | W37: =LOWER(INDEX($B$10:$K$10,1,MATCH(MIN(B37:K37),B37:K37,0))) -> #N/A | X37: =IF(OR(R37="C",R37="K"),CONCATENATE("Belum menunjukkan sikap yang baik dalam aspek ",W37),IF(R37="SB",CONCATENATE("Sudah menunjukkan sikap yang sangat baik dalam aspek ",U37),IF(R37="B",CONCATENATE("Sudah menunjukkan sikap yang baik dalam aspek ",U37,", namun aspek ",W37," perlu ditingkatkan"),"")))
A38: 28 | B38: =IF(OR('Sikap (dari Siswa)'!E39="",'Sikap (dari Siswa)'!O39="",'Sikap (dari Guru)'!E44=""),"",(2*'Sikap (dari Guru)'!E44+'Sikap (dari Siswa)'!E39+'Sikap (dari Siswa)'!O39)/4) | C38: =IF(OR('Sikap (dari Siswa)'!F39="",'Sikap (dari Siswa)'!P39="",'Sikap (dari Guru)'!F44=""),"",(2*'Sikap (dari Guru)'!F44+'Sikap (dari Siswa)'!F39+'Sikap (dari Siswa)'!P39)/4) | D38: =IF(OR('Sikap (dari Siswa)'!G39="",'Sikap (dari Siswa)'!Q39="",'Sikap (dari Guru)'!G44=""),"",(2*'Sikap (dari Guru)'!G44+'Sikap (dari Siswa)'!G39+'Sikap (dari Siswa)'!Q39)/4) | E38: =IF(OR('Sikap (dari Siswa)'!H39="",'Sikap (dari Siswa)'!R39="",'Sikap (dari Guru)'!H44=""),"",(2*'Sikap (dari Guru)'!H44+'Sikap (dari Siswa)'!H39+'Sikap (dari Siswa)'!R39)/4) | F38: =IF(OR('Sikap (dari Siswa)'!I39="",'Sikap (dari Siswa)'!S39="",'Sikap (dari Guru)'!I44=""),"",(2*'Sikap (dari Guru)'!I44+'Sikap (dari Siswa)'!I39+'Sikap (dari Siswa)'!S39)/4) | G38: =IF(OR('Sikap (dari Siswa)'!J39="",'Sikap (dari Siswa)'!T39="",'Sikap (dari Guru)'!J44=""),"",(2*'Sikap (dari Guru)'!J44+'Sikap (dari Siswa)'!J39+'Sikap (dari Siswa)'!T39)/4) | H38: =IF(OR('Sikap (dari Siswa)'!K39="",'Sikap (dari Siswa)'!U39="",'Sikap (dari Guru)'!K44=""),"",(2*'Sikap (dari Guru)'!K44+'Sikap (dari Siswa)'!K39+'Sikap (dari Siswa)'!U39)/4) | I38: =IF(OR('Sikap (dari Siswa)'!L39="",'Sikap (dari Siswa)'!V39="",'Sikap (dari Guru)'!L44=""),"",(2*'Sikap (dari Guru)'!L44+'Sikap (dari Siswa)'!L39+'Sikap (dari Siswa)'!V39)/4) | ... K38: =IF(OR('Sikap (dari Siswa)'!N39="",'Sikap (dari Siswa)'!X39="",'Sikap (dari Guru)'!N44=""),"",(2*'Sikap (dari Guru)'!N44+'Sikap (dari Siswa)'!N39+'Sikap (dari Siswa)'!X39)/4) | L38: =IF('Sikap (dari Guru)'!O44="","",'Sikap (dari Guru)'!O44) | M38: =IF('Sikap (dari Guru)'!P44="","",'Sikap (dari Guru)'!P44) | N38: =IF('Sikap (dari Guru)'!Q44="","",'Sikap (dari Guru)'!Q44) | O38: =IF('Sikap (dari Guru)'!R44="","",'Sikap (dari Guru)'!R44) | P38: =IF('Sikap (dari Guru)'!S44="","",'Sikap (dari Guru)'!S44) | Q38: ='Sikap (dari Guru)'!T44 | R38: ='Sikap (dari Guru)'!U44 | S38: =IF(R38="SB", "sangat baik",IF(R38="B","baik",IF(R38="C","cukup",IF(R38="K","kurang","")))) | T38: =MAX(B38:K38) -> 0 | U38: =LOWER(INDEX($B$10:$K$10,1,MATCH(MAX(B38:K38),B38:K38,0))) -> #N/A | V38: =MIN(B38:K38) -> 0 | W38: =LOWER(INDEX($B$10:$K$10,1,MATCH(MIN(B38:K38),B38:K38,0))) -> #N/A | X38: =IF(OR(R38="C",R38="K"),CONCATENATE("Belum menunjukkan sikap yang baik dalam aspek ",W38),IF(R38="SB",CONCATENATE("Sudah menunjukkan sikap yang sangat baik dalam aspek ",U38),IF(R38="B",CONCATENATE("Sudah menunjukkan sikap yang baik dalam aspek ",U38,", namun aspek ",W38," perlu ditingkatkan"),"")))
A39: 29 | B39: =IF(OR('Sikap (dari Siswa)'!E40="",'Sikap (dari Siswa)'!O40="",'Sikap (dari Guru)'!E45=""),"",(2*'Sikap (dari Guru)'!E45+'Sikap (dari Siswa)'!E40+'Sikap (dari Siswa)'!O40)/4) | C39: =IF(OR('Sikap (dari Siswa)'!F40="",'Sikap (dari Siswa)'!P40="",'Sikap (dari Guru)'!F45=""),"",(2*'Sikap (dari Guru)'!F45+'Sikap (dari Siswa)'!F40+'Sikap (dari Siswa)'!P40)/4) | D39: =IF(OR('Sikap (dari Siswa)'!G40="",'Sikap (dari Siswa)'!Q40="",'Sikap (dari Guru)'!G45=""),"",(2*'Sikap (dari Guru)'!G45+'Sikap (dari Siswa)'!G40+'Sikap (dari Siswa)'!Q40)/4) | E39: =IF(OR('Sikap (dari Siswa)'!H40="",'Sikap (dari Siswa)'!R40="",'Sikap (dari Guru)'!H45=""),"",(2*'Sikap (dari Guru)'!H45+'Sikap (dari Siswa)'!H40+'Sikap (dari Siswa)'!R40)/4) | F39: =IF(OR('Sikap (dari Siswa)'!I40="",'Sikap (dari Siswa)'!S40="",'Sikap (dari Guru)'!I45=""),"",(2*'Sikap (dari Guru)'!I45+'Sikap (dari Siswa)'!I40+'Sikap (dari Siswa)'!S40)/4) | G39: =IF(OR('Sikap (dari Siswa)'!J40="",'Sikap (dari Siswa)'!T40="",'Sikap (dari Guru)'!J45=""),"",(2*'Sikap (dari Guru)'!J45+'Sikap (dari Siswa)'!J40+'Sikap (dari Siswa)'!T40)/4) | H39: =IF(OR('Sikap (dari Siswa)'!K40="",'Sikap (dari Siswa)'!U40="",'Sikap (dari Guru)'!K45=""),"",(2*'Sikap (dari Guru)'!K45+'Sikap (dari Siswa)'!K40+'Sikap (dari Siswa)'!U40)/4) | I39: =IF(OR('Sikap (dari Siswa)'!L40="",'Sikap (dari Siswa)'!V40="",'Sikap (dari Guru)'!L45=""),"",(2*'Sikap (dari Guru)'!L45+'Sikap (dari Siswa)'!L40+'Sikap (dari Siswa)'!V40)/4) | ... K39: =IF(OR('Sikap (dari Siswa)'!N40="",'Sikap (dari Siswa)'!X40="",'Sikap (dari Guru)'!N45=""),"",(2*'Sikap (dari Guru)'!N45+'Sikap (dari Siswa)'!N40+'Sikap (dari Siswa)'!X40)/4) | L39: =IF('Sikap (dari Guru)'!O45="","",'Sikap (dari Guru)'!O45) | M39: =IF('Sikap (dari Guru)'!P45="","",'Sikap (dari Guru)'!P45) | N39: =IF('Sikap (dari Guru)'!Q45="","",'Sikap (dari Guru)'!Q45) | O39: =IF('Sikap (dari Guru)'!R45="","",'Sikap (dari Guru)'!R45) | P39: =IF('Sikap (dari Guru)'!S45="","",'Sikap (dari Guru)'!S45) | Q39: ='Sikap (dari Guru)'!T45 | R39: ='Sikap (dari Guru)'!U45 | S39: =IF(R39="SB", "sangat baik",IF(R39="B","baik",IF(R39="C","cukup",IF(R39="K","kurang","")))) | T39: =MAX(B39:K39) -> 0 | U39: =LOWER(INDEX($B$10:$K$10,1,MATCH(MAX(B39:K39),B39:K39,0))) -> #N/A | V39: =MIN(B39:K39) -> 0 | W39: =LOWER(INDEX($B$10:$K$10,1,MATCH(MIN(B39:K39),B39:K39,0))) -> #N/A | X39: =IF(OR(R39="C",R39="K"),CONCATENATE("Belum menunjukkan sikap yang baik dalam aspek ",W39),IF(R39="SB",CONCATENATE("Sudah menunjukkan sikap yang sangat baik dalam aspek ",U39),IF(R39="B",CONCATENATE("Sudah menunjukkan sikap yang baik dalam aspek ",U39,", namun aspek ",W39," perlu ditingkatkan"),"")))
A40: 30 | B40: =IF(OR('Sikap (dari Siswa)'!E41="",'Sikap (dari Siswa)'!O41="",'Sikap (dari Guru)'!E46=""),"",(2*'Sikap (dari Guru)'!E46+'Sikap (dari Siswa)'!E41+'Sikap (dari Siswa)'!O41)/4) | C40: =IF(OR('Sikap (dari Siswa)'!F41="",'Sikap (dari Siswa)'!P41="",'Sikap (dari Guru)'!F46=""),"",(2*'Sikap (dari Guru)'!F46+'Sikap (dari Siswa)'!F41+'Sikap (dari Siswa)'!P41)/4) | D40: =IF(OR('Sikap (dari Siswa)'!G41="",'Sikap (dari Siswa)'!Q41="",'Sikap (dari Guru)'!G46=""),"",(2*'Sikap (dari Guru)'!G46+'Sikap (dari Siswa)'!G41+'Sikap (dari Siswa)'!Q41)/4) | E40: =IF(OR('Sikap (dari Siswa)'!H41="",'Sikap (dari Siswa)'!R41="",'Sikap (dari Guru)'!H46=""),"",(2*'Sikap (dari Guru)'!H46+'Sikap (dari Siswa)'!H41+'Sikap (dari Siswa)'!R41)/4) | F40: =IF(OR('Sikap (dari Siswa)'!I41="",'Sikap (dari Siswa)'!S41="",'Sikap (dari Guru)'!I46=""),"",(2*'Sikap (dari Guru)'!I46+'Sikap (dari Siswa)'!I41+'Sikap (dari Siswa)'!S41)/4) | G40: =IF(OR('Sikap (dari Siswa)'!J41="",'Sikap (dari Siswa)'!T41="",'Sikap (dari Guru)'!J46=""),"",(2*'Sikap (dari Guru)'!J46+'Sikap (dari Siswa)'!J41+'Sikap (dari Siswa)'!T41)/4) | H40: =IF(OR('Sikap (dari Siswa)'!K41="",'Sikap (dari Siswa)'!U41="",'Sikap (dari Guru)'!K46=""),"",(2*'Sikap (dari Guru)'!K46+'Sikap (dari Siswa)'!K41+'Sikap (dari Siswa)'!U41)/4) | I40: =IF(OR('Sikap (dari Siswa)'!L41="",'Sikap (dari Siswa)'!V41="",'Sikap (dari Guru)'!L46=""),"",(2*'Sikap (dari Guru)'!L46+'Sikap (dari Siswa)'!L41+'Sikap (dari Siswa)'!V41)/4) | ... K40: =IF(OR('Sikap (dari Siswa)'!N41="",'Sikap (dari Siswa)'!X41="",'Sikap (dari Guru)'!N46=""),"",(2*'Sikap (dari Guru)'!N46+'Sikap (dari Siswa)'!N41+'Sikap (dari Siswa)'!X41)/4) | L40: =IF('Sikap (dari Guru)'!O46="","",'Sikap (dari Guru)'!O46) | M40: =IF('Sikap (dari Guru)'!P46="","",'Sikap (dari Guru)'!P46) | N40: =IF('Sikap (dari Guru)'!Q46="","",'Sikap (dari Guru)'!Q46) | O40: =IF('Sikap (dari Guru)'!R46="","",'Sikap (dari Guru)'!R46) | P40: =IF('Sikap (dari Guru)'!S46="","",'Sikap (dari Guru)'!S46) | Q40: ='Sikap (dari Guru)'!T46 | R40: ='Sikap (dari Guru)'!U46 | S40: =IF(R40="SB", "sangat baik",IF(R40="B","baik",IF(R40="C","cukup",IF(R40="K","kurang","")))) | T40: =MAX(B40:K40) -> 0 | U40: =LOWER(INDEX($B$10:$K$10,1,MATCH(MAX(B40:K40),B40:K40,0))) -> #N/A | V40: =MIN(B40:K40) -> 0 | W40: =LOWER(INDEX($B$10:$K$10,1,MATCH(MIN(B40:K40),B40:K40,0))) -> #N/A | X40: =IF(OR(R40="C",R40="K"),CONCATENATE("Belum menunjukkan sikap yang baik dalam aspek ",W40),IF(R40="SB",CONCATENATE("Sudah menunjukkan sikap yang sangat baik dalam aspek ",U40),IF(R40="B",CONCATENATE("Sudah menunjukkan sikap yang baik dalam aspek ",U40,", namun aspek ",W40," perlu ditingkatkan"),"")))
A41: 31 | B41: =IF(OR('Sikap (dari Siswa)'!E42="",'Sikap (dari Siswa)'!O42="",'Sikap (dari Guru)'!E47=""),"",(2*'Sikap (dari Guru)'!E47+'Sikap (dari Siswa)'!E42+'Sikap (dari Siswa)'!O42)/4) | C41: =IF(OR('Sikap (dari Siswa)'!F42="",'Sikap (dari Siswa)'!P42="",'Sikap (dari Guru)'!F47=""),"",(2*'Sikap (dari Guru)'!F47+'Sikap (dari Siswa)'!F42+'Sikap (dari Siswa)'!P42)/4) | D41: =IF(OR('Sikap (dari Siswa)'!G42="",'Sikap (dari Siswa)'!Q42="",'Sikap (dari Guru)'!G47=""),"",(2*'Sikap (dari Guru)'!G47+'Sikap (dari Siswa)'!G42+'Sikap (dari Siswa)'!Q42)/4) | E41: =IF(OR('Sikap (dari Siswa)'!H42="",'Sikap (dari Siswa)'!R42="",'Sikap (dari Guru)'!H47=""),"",(2*'Sikap (dari Guru)'!H47+'Sikap (dari Siswa)'!H42+'Sikap (dari Siswa)'!R42)/4) | F41: =IF(OR('Sikap (dari Siswa)'!I42="",'Sikap (dari Siswa)'!S42="",'Sikap (dari Guru)'!I47=""),"",(2*'Sikap (dari Guru)'!I47+'Sikap (dari Siswa)'!I42+'Sikap (dari Siswa)'!S42)/4) | G41: =IF(OR('Sikap (dari Siswa)'!J42="",'Sikap (dari Siswa)'!T42="",'Sikap (dari Guru)'!J47=""),"",(2*'Sikap (dari Guru)'!J47+'Sikap (dari Siswa)'!J42+'Sikap (dari Siswa)'!T42)/4) | H41: =IF(OR('Sikap (dari Siswa)'!K42="",'Sikap (dari Siswa)'!U42="",'Sikap (dari Guru)'!K47=""),"",(2*'Sikap (dari Guru)'!K47+'Sikap (dari Siswa)'!K42+'Sikap (dari Siswa)'!U42)/4) | I41: =IF(OR('Sikap (dari Siswa)'!L42="",'Sikap (dari Siswa)'!V42="",'Sikap (dari Guru)'!L47=""),"",(2*'Sikap (dari Guru)'!L47+'Sikap (dari Siswa)'!L42+'Sikap (dari Siswa)'!V42)/4) | ... K41: =IF(OR('Sikap (dari Siswa)'!N42="",'Sikap (dari Siswa)'!X42="",'Sikap (dari Guru)'!N47=""),"",(2*'Sikap (dari Guru)'!N47+'Sikap (dari Siswa)'!N42+'Sikap (dari Siswa)'!X42)/4) | L41: =IF('Sikap (dari Guru)'!O47="","",'Sikap (dari Guru)'!O47) | M41: =IF('Sikap (dari Guru)'!P47="","",'Sikap (dari Guru)'!P47) | N41: =IF('Sikap (dari Guru)'!Q47="","",'Sikap (dari Guru)'!Q47) | O41: =IF('Sikap (dari Guru)'!R47="","",'Sikap (dari Guru)'!R47) | P41: =IF('Sikap (dari Guru)'!S47="","",'Sikap (dari Guru)'!S47) | Q41: ='Sikap (dari Guru)'!T47 | R41: ='Sikap (dari Guru)'!U47 | S41: =IF(R41="SB", "sangat baik",IF(R41="B","baik",IF(R41="C","cukup",IF(R41="K","kurang","")))) | T41: =MAX(B41:K41) -> 0 | U41: =LOWER(INDEX($B$10:$K$10,1,MATCH(MAX(B41:K41),B41:K41,0))) -> #N/A | V41: =MIN(B41:K41) -> 0 | W41: =LOWER(INDEX($B$10:$K$10,1,MATCH(MIN(B41:K41),B41:K41,0))) -> #N/A | X41: =IF(OR(R41="C",R41="K"),CONCATENATE("Belum menunjukkan sikap yang baik dalam aspek ",W41),IF(R41="SB",CONCATENATE("Sudah menunjukkan sikap yang sangat baik dalam aspek ",U41),IF(R41="B",CONCATENATE("Sudah menunjukkan sikap yang baik dalam aspek ",U41,", namun aspek ",W41," perlu ditingkatkan"),"")))
A42: 32 | B42: =IF(OR('Sikap (dari Siswa)'!E43="",'Sikap (dari Siswa)'!O43="",'Sikap (dari Guru)'!E48=""),"",(2*'Sikap (dari Guru)'!E48+'Sikap (dari Siswa)'!E43+'Sikap (dari Siswa)'!O43)/4) | C42: =IF(OR('Sikap (dari Siswa)'!F43="",'Sikap (dari Siswa)'!P43="",'Sikap (dari Guru)'!F48=""),"",(2*'Sikap (dari Guru)'!F48+'Sikap (dari Siswa)'!F43+'Sikap (dari Siswa)'!P43)/4) | D42: =IF(OR('Sikap (dari Siswa)'!G43="",'Sikap (dari Siswa)'!Q43="",'Sikap (dari Guru)'!G48=""),"",(2*'Sikap (dari Guru)'!G48+'Sikap (dari Siswa)'!G43+'Sikap (dari Siswa)'!Q43)/4) | E42: =IF(OR('Sikap (dari Siswa)'!H43="",'Sikap (dari Siswa)'!R43="",'Sikap (dari Guru)'!H48=""),"",(2*'Sikap (dari Guru)'!H48+'Sikap (dari Siswa)'!H43+'Sikap (dari Siswa)'!R43)/4) | F42: =IF(OR('Sikap (dari Siswa)'!I43="",'Sikap (dari Siswa)'!S43="",'Sikap (dari Guru)'!I48=""),"",(2*'Sikap (dari Guru)'!I48+'Sikap (dari Siswa)'!I43+'Sikap (dari Siswa)'!S43)/4) | G42: =IF(OR('Sikap (dari Siswa)'!J43="",'Sikap (dari Siswa)'!T43="",'Sikap (dari Guru)'!J48=""),"",(2*'Sikap (dari Guru)'!J48+'Sikap (dari Siswa)'!J43+'Sikap (dari Siswa)'!T43)/4) | H42: =IF(OR('Sikap (dari Siswa)'!K43="",'Sikap (dari Siswa)'!U43="",'Sikap (dari Guru)'!K48=""),"",(2*'Sikap (dari Guru)'!K48+'Sikap (dari Siswa)'!K43+'Sikap (dari Siswa)'!U43)/4) | I42: =IF(OR('Sikap (dari Siswa)'!L43="",'Sikap (dari Siswa)'!V43="",'Sikap (dari Guru)'!L48=""),"",(2*'Sikap (dari Guru)'!L48+'Sikap (dari Siswa)'!L43+'Sikap (dari Siswa)'!V43)/4) | ... K42: =IF(OR('Sikap (dari Siswa)'!N43="",'Sikap (dari Siswa)'!X43="",'Sikap (dari Guru)'!N48=""),"",(2*'Sikap (dari Guru)'!N48+'Sikap (dari Siswa)'!N43+'Sikap (dari Siswa)'!X43)/4) | L42: =IF('Sikap (dari Guru)'!O48="","",'Sikap (dari Guru)'!O48) | M42: =IF('Sikap (dari Guru)'!P48="","",'Sikap (dari Guru)'!P48) | N42: =IF('Sikap (dari Guru)'!Q48="","",'Sikap (dari Guru)'!Q48) | O42: =IF('Sikap (dari Guru)'!R48="","",'Sikap (dari Guru)'!R48) | P42: =IF('Sikap (dari Guru)'!S48="","",'Sikap (dari Guru)'!S48) | Q42: ='Sikap (dari Guru)'!T48 | R42: ='Sikap (dari Guru)'!U48 | S42: =IF(R42="SB", "sangat baik",IF(R42="B","baik",IF(R42="C","cukup",IF(R42="K","kurang","")))) | T42: =MAX(B42:K42) -> 0 | U42: =LOWER(INDEX($B$10:$K$10,1,MATCH(MAX(B42:K42),B42:K42,0))) -> #N/A | V42: =MIN(B42:K42) -> 0 | W42: =LOWER(INDEX($B$10:$K$10,1,MATCH(MIN(B42:K42),B42:K42,0))) -> #N/A | X42: =IF(OR(R42="C",R42="K"),CONCATENATE("Belum menunjukkan sikap yang baik dalam aspek ",W42),IF(R42="SB",CONCATENATE("Sudah menunjukkan sikap yang sangat baik dalam aspek ",U42),IF(R42="B",CONCATENATE("Sudah menunjukkan sikap yang baik dalam aspek ",U42,", namun aspek ",W42," perlu ditingkatkan"),"")))
A43: 33 | B43: =IF(OR('Sikap (dari Siswa)'!E44="",'Sikap (dari Siswa)'!O44="",'Sikap (dari Guru)'!E49=""),"",(2*'Sikap (dari Guru)'!E49+'Sikap (dari Siswa)'!E44+'Sikap (dari Siswa)'!O44)/4) | C43: =IF(OR('Sikap (dari Siswa)'!F44="",'Sikap (dari Siswa)'!P44="",'Sikap (dari Guru)'!F49=""),"",(2*'Sikap (dari Guru)'!F49+'Sikap (dari Siswa)'!F44+'Sikap (dari Siswa)'!P44)/4) | D43: =IF(OR('Sikap (dari Siswa)'!G44="",'Sikap (dari Siswa)'!Q44="",'Sikap (dari Guru)'!G49=""),"",(2*'Sikap (dari Guru)'!G49+'Sikap (dari Siswa)'!G44+'Sikap (dari Siswa)'!Q44)/4) | E43: =IF(OR('Sikap (dari Siswa)'!H44="",'Sikap (dari Siswa)'!R44="",'Sikap (dari Guru)'!H49=""),"",(2*'Sikap (dari Guru)'!H49+'Sikap (dari Siswa)'!H44+'Sikap (dari Siswa)'!R44)/4) | F43: =IF(OR('Sikap (dari Siswa)'!I44="",'Sikap (dari Siswa)'!S44="",'Sikap (dari Guru)'!I49=""),"",(2*'Sikap (dari Guru)'!I49+'Sikap (dari Siswa)'!I44+'Sikap (dari Siswa)'!S44)/4) | G43: =IF(OR('Sikap (dari Siswa)'!J44="",'Sikap (dari Siswa)'!T44="",'Sikap (dari Guru)'!J49=""),"",(2*'Sikap (dari Guru)'!J49+'Sikap (dari Siswa)'!J44+'Sikap (dari Siswa)'!T44)/4) | H43: =IF(OR('Sikap (dari Siswa)'!K44="",'Sikap (dari Siswa)'!U44="",'Sikap (dari Guru)'!K49=""),"",(2*'Sikap (dari Guru)'!K49+'Sikap (dari Siswa)'!K44+'Sikap (dari Siswa)'!U44)/4) | I43: =IF(OR('Sikap (dari Siswa)'!L44="",'Sikap (dari Siswa)'!V44="",'Sikap (dari Guru)'!L49=""),"",(2*'Sikap (dari Guru)'!L49+'Sikap (dari Siswa)'!L44+'Sikap (dari Siswa)'!V44)/4) | ... K43: =IF(OR('Sikap (dari Siswa)'!N44="",'Sikap (dari Siswa)'!X44="",'Sikap (dari Guru)'!N49=""),"",(2*'Sikap (dari Guru)'!N49+'Sikap (dari Siswa)'!N44+'Sikap (dari Siswa)'!X44)/4) | L43: =IF('Sikap (dari Guru)'!O49="","",'Sikap (dari Guru)'!O49) | M43: =IF('Sikap (dari Guru)'!P49="","",'Sikap (dari Guru)'!P49) | N43: =IF('Sikap (dari Guru)'!Q49="","",'Sikap (dari Guru)'!Q49) | O43: =IF('Sikap (dari Guru)'!R49="","",'Sikap (dari Guru)'!R49) | P43: =IF('Sikap (dari Guru)'!S49="","",'Sikap (dari Guru)'!S49) | Q43: ='Sikap (dari Guru)'!T49 | R43: ='Sikap (dari Guru)'!U49 | S43: =IF(R43="SB", "sangat baik",IF(R43="B","baik",IF(R43="C","cukup",IF(R43="K","kurang","")))) | T43: =MAX(B43:K43) -> 0 | U43: =LOWER(INDEX($B$10:$K$10,1,MATCH(MAX(B43:K43),B43:K43,0))) -> #N/A | V43: =MIN(B43:K43) -> 0 | W43: =LOWER(INDEX($B$10:$K$10,1,MATCH(MIN(B43:K43),B43:K43,0))) -> #N/A | X43: =IF(OR(R43="C",R43="K"),CONCATENATE("Belum menunjukkan sikap yang baik dalam aspek ",W43),IF(R43="SB",CONCATENATE("Sudah menunjukkan sikap yang sangat baik dalam aspek ",U43),IF(R43="B",CONCATENATE("Sudah menunjukkan sikap yang baik dalam aspek ",U43,", namun aspek ",W43," perlu ditingkatkan"),"")))
A44: 34 | B44: =IF(OR('Sikap (dari Siswa)'!E45="",'Sikap (dari Siswa)'!O45="",'Sikap (dari Guru)'!E50=""),"",(2*'Sikap (dari Guru)'!E50+'Sikap (dari Siswa)'!E45+'Sikap (dari Siswa)'!O45)/4) | C44: =IF(OR('Sikap (dari Siswa)'!F45="",'Sikap (dari Siswa)'!P45="",'Sikap (dari Guru)'!F50=""),"",(2*'Sikap (dari Guru)'!F50+'Sikap (dari Siswa)'!F45+'Sikap (dari Siswa)'!P45)/4) | D44: =IF(OR('Sikap (dari Siswa)'!G45="",'Sikap (dari Siswa)'!Q45="",'Sikap (dari Guru)'!G50=""),"",(2*'Sikap (dari Guru)'!G50+'Sikap (dari Siswa)'!G45+'Sikap (dari Siswa)'!Q45)/4) | E44: =IF(OR('Sikap (dari Siswa)'!H45="",'Sikap (dari Siswa)'!R45="",'Sikap (dari Guru)'!H50=""),"",(2*'Sikap (dari Guru)'!H50+'Sikap (dari Siswa)'!H45+'Sikap (dari Siswa)'!R45)/4) | F44: =IF(OR('Sikap (dari Siswa)'!I45="",'Sikap (dari Siswa)'!S45="",'Sikap (dari Guru)'!I50=""),"",(2*'Sikap (dari Guru)'!I50+'Sikap (dari Siswa)'!I45+'Sikap (dari Siswa)'!S45)/4) | G44: =IF(OR('Sikap (dari Siswa)'!J45="",'Sikap (dari Siswa)'!T45="",'Sikap (dari Guru)'!J50=""),"",(2*'Sikap (dari Guru)'!J50+'Sikap (dari Siswa)'!J45+'Sikap (dari Siswa)'!T45)/4) | H44: =IF(OR('Sikap (dari Siswa)'!K45="",'Sikap (dari Siswa)'!U45="",'Sikap (dari Guru)'!K50=""),"",(2*'Sikap (dari Guru)'!K50+'Sikap (dari Siswa)'!K45+'Sikap (dari Siswa)'!U45)/4) | I44: =IF(OR('Sikap (dari Siswa)'!L45="",'Sikap (dari Siswa)'!V45="",'Sikap (dari Guru)'!L50=""),"",(2*'Sikap (dari Guru)'!L50+'Sikap (dari Siswa)'!L45+'Sikap (dari Siswa)'!V45)/4) | ... K44: =IF(OR('Sikap (dari Siswa)'!N45="",'Sikap (dari Siswa)'!X45="",'Sikap (dari Guru)'!N50=""),"",(2*'Sikap (dari Guru)'!N50+'Sikap (dari Siswa)'!N45+'Sikap (dari Siswa)'!X45)/4) | L44: =IF('Sikap (dari Guru)'!O50="","",'Sikap (dari Guru)'!O50) | M44: =IF('Sikap (dari Guru)'!P50="","",'Sikap (dari Guru)'!P50) | N44: =IF('Sikap (dari Guru)'!Q50="","",'Sikap (dari Guru)'!Q50) | O44: =IF('Sikap (dari Guru)'!R50="","",'Sikap (dari Guru)'!R50) | P44: =IF('Sikap (dari Guru)'!S50="","",'Sikap (dari Guru)'!S50) | Q44: ='Sikap (dari Guru)'!T50 | R44: ='Sikap (dari Guru)'!U50 | S44: =IF(R44="SB", "sangat baik",IF(R44="B","baik",IF(R44="C","cukup",IF(R44="K","kurang","")))) | T44: =MAX(B44:K44) -> 0 | U44: =LOWER(INDEX($B$10:$K$10,1,MATCH(MAX(B44:K44),B44:K44,0))) -> #N/A | V44: =MIN(B44:K44) -> 0 | W44: =LOWER(INDEX($B$10:$K$10,1,MATCH(MIN(B44:K44),B44:K44,0))) -> #N/A | X44: =IF(OR(R44="C",R44="K"),CONCATENATE("Belum menunjukkan sikap yang baik dalam aspek ",W44),IF(R44="SB",CONCATENATE("Sudah menunjukkan sikap yang sangat baik dalam aspek ",U44),IF(R44="B",CONCATENATE("Sudah menunjukkan sikap yang baik dalam aspek ",U44,", namun aspek ",W44," perlu ditingkatkan"),"")))
A45: 35 | B45: =IF(OR('Sikap (dari Siswa)'!E46="",'Sikap (dari Siswa)'!O46="",'Sikap (dari Guru)'!E51=""),"",(2*'Sikap (dari Guru)'!E51+'Sikap (dari Siswa)'!E46+'Sikap (dari Siswa)'!O46)/4) | C45: =IF(OR('Sikap (dari Siswa)'!F46="",'Sikap (dari Siswa)'!P46="",'Sikap (dari Guru)'!F51=""),"",(2*'Sikap (dari Guru)'!F51+'Sikap (dari Siswa)'!F46+'Sikap (dari Siswa)'!P46)/4) | D45: =IF(OR('Sikap (dari Siswa)'!G46="",'Sikap (dari Siswa)'!Q46="",'Sikap (dari Guru)'!G51=""),"",(2*'Sikap (dari Guru)'!G51+'Sikap (dari Siswa)'!G46+'Sikap (dari Siswa)'!Q46)/4) | E45: =IF(OR('Sikap (dari Siswa)'!H46="",'Sikap (dari Siswa)'!R46="",'Sikap (dari Guru)'!H51=""),"",(2*'Sikap (dari Guru)'!H51+'Sikap (dari Siswa)'!H46+'Sikap (dari Siswa)'!R46)/4) | F45: =IF(OR('Sikap (dari Siswa)'!I46="",'Sikap (dari Siswa)'!S46="",'Sikap (dari Guru)'!I51=""),"",(2*'Sikap (dari Guru)'!I51+'Sikap (dari Siswa)'!I46+'Sikap (dari Siswa)'!S46)/4) | G45: =IF(OR('Sikap (dari Siswa)'!J46="",'Sikap (dari Siswa)'!T46="",'Sikap (dari Guru)'!J51=""),"",(2*'Sikap (dari Guru)'!J51+'Sikap (dari Siswa)'!J46+'Sikap (dari Siswa)'!T46)/4) | H45: =IF(OR('Sikap (dari Siswa)'!K46="",'Sikap (dari Siswa)'!U46="",'Sikap (dari Guru)'!K51=""),"",(2*'Sikap (dari Guru)'!K51+'Sikap (dari Siswa)'!K46+'Sikap (dari Siswa)'!U46)/4) | I45: =IF(OR('Sikap (dari Siswa)'!L46="",'Sikap (dari Siswa)'!V46="",'Sikap (dari Guru)'!L51=""),"",(2*'Sikap (dari Guru)'!L51+'Sikap (dari Siswa)'!L46+'Sikap (dari Siswa)'!V46)/4) | ... K45: =IF(OR('Sikap (dari Siswa)'!N46="",'Sikap (dari Siswa)'!X46="",'Sikap (dari Guru)'!N51=""),"",(2*'Sikap (dari Guru)'!N51+'Sikap (dari Siswa)'!N46+'Sikap (dari Siswa)'!X46)/4) | L45: =IF('Sikap (dari Guru)'!O51="","",'Sikap (dari Guru)'!O51) | M45: =IF('Sikap (dari Guru)'!P51="","",'Sikap (dari Guru)'!P51) | N45: =IF('Sikap (dari Guru)'!Q51="","",'Sikap (dari Guru)'!Q51) | O45: =IF('Sikap (dari Guru)'!R51="","",'Sikap (dari Guru)'!R51) | P45: =IF('Sikap (dari Guru)'!S51="","",'Sikap (dari Guru)'!S51) | Q45: ='Sikap (dari Guru)'!T51 | R45: ='Sikap (dari Guru)'!U51 | S45: =IF(R45="SB", "sangat baik",IF(R45="B","baik",IF(R45="C","cukup",IF(R45="K","kurang","")))) | T45: =MAX(B45:K45) -> 0 | U45: =LOWER(INDEX($B$10:$K$10,1,MATCH(MAX(B45:K45),B45:K45,0))) -> #N/A | V45: =MIN(B45:K45) -> 0 | W45: =LOWER(INDEX($B$10:$K$10,1,MATCH(MIN(B45:K45),B45:K45,0))) -> #N/A | X45: =IF(OR(R45="C",R45="K"),CONCATENATE("Belum menunjukkan sikap yang baik dalam aspek ",W45),IF(R45="SB",CONCATENATE("Sudah menunjukkan sikap yang sangat baik dalam aspek ",U45),IF(R45="B",CONCATENATE("Sudah menunjukkan sikap yang baik dalam aspek ",U45,", namun aspek ",W45," perlu ditingkatkan"),"")))
A46: 36 | B46: =IF(OR('Sikap (dari Siswa)'!E47="",'Sikap (dari Siswa)'!O47="",'Sikap (dari Guru)'!E52=""),"",(2*'Sikap (dari Guru)'!E52+'Sikap (dari Siswa)'!E47+'Sikap (dari Siswa)'!O47)/4) | C46: =IF(OR('Sikap (dari Siswa)'!F47="",'Sikap (dari Siswa)'!P47="",'Sikap (dari Guru)'!F52=""),"",(2*'Sikap (dari Guru)'!F52+'Sikap (dari Siswa)'!F47+'Sikap (dari Siswa)'!P47)/4) | D46: =IF(OR('Sikap (dari Siswa)'!G47="",'Sikap (dari Siswa)'!Q47="",'Sikap (dari Guru)'!G52=""),"",(2*'Sikap (dari Guru)'!G52+'Sikap (dari Siswa)'!G47+'Sikap (dari Siswa)'!Q47)/4) | E46: =IF(OR('Sikap (dari Siswa)'!H47="",'Sikap (dari Siswa)'!R47="",'Sikap (dari Guru)'!H52=""),"",(2*'Sikap (dari Guru)'!H52+'Sikap (dari Siswa)'!H47+'Sikap (dari Siswa)'!R47)/4) | F46: =IF(OR('Sikap (dari Siswa)'!I47="",'Sikap (dari Siswa)'!S47="",'Sikap (dari Guru)'!I52=""),"",(2*'Sikap (dari Guru)'!I52+'Sikap (dari Siswa)'!I47+'Sikap (dari Siswa)'!S47)/4) | G46: =IF(OR('Sikap (dari Siswa)'!J47="",'Sikap (dari Siswa)'!T47="",'Sikap (dari Guru)'!J52=""),"",(2*'Sikap (dari Guru)'!J52+'Sikap (dari Siswa)'!J47+'Sikap (dari Siswa)'!T47)/4) | H46: =IF(OR('Sikap (dari Siswa)'!K47="",'Sikap (dari Siswa)'!U47="",'Sikap (dari Guru)'!K52=""),"",(2*'Sikap (dari Guru)'!K52+'Sikap (dari Siswa)'!K47+'Sikap (dari Siswa)'!U47)/4) | I46: =IF(OR('Sikap (dari Siswa)'!L47="",'Sikap (dari Siswa)'!V47="",'Sikap (dari Guru)'!L52=""),"",(2*'Sikap (dari Guru)'!L52+'Sikap (dari Siswa)'!L47+'Sikap (dari Siswa)'!V47)/4) | ... K46: =IF(OR('Sikap (dari Siswa)'!N47="",'Sikap (dari Siswa)'!X47="",'Sikap (dari Guru)'!N52=""),"",(2*'Sikap (dari Guru)'!N52+'Sikap (dari Siswa)'!N47+'Sikap (dari Siswa)'!X47)/4) | L46: =IF('Sikap (dari Guru)'!O52="","",'Sikap (dari Guru)'!O52) | M46: =IF('Sikap (dari Guru)'!P52="","",'Sikap (dari Guru)'!P52) | N46: =IF('Sikap (dari Guru)'!Q52="","",'Sikap (dari Guru)'!Q52) | O46: =IF('Sikap (dari Guru)'!R52="","",'Sikap (dari Guru)'!R52) | P46: =IF('Sikap (dari Guru)'!S52="","",'Sikap (dari Guru)'!S52) | Q46: ='Sikap (dari Guru)'!T52 | R46: ='Sikap (dari Guru)'!U52 | S46: =IF(R46="SB", "sangat baik",IF(R46="B","baik",IF(R46="C","cukup",IF(R46="K","kurang","")))) | T46: =MAX(B46:K46) -> 0 | U46: =LOWER(INDEX($B$10:$K$10,1,MATCH(MAX(B46:K46),B46:K46,0))) -> #N/A | V46: =MIN(B46:K46) -> 0 | W46: =LOWER(INDEX($B$10:$K$10,1,MATCH(MIN(B46:K46),B46:K46,0))) -> #N/A | X46: =IF(OR(R46="C",R46="K"),CONCATENATE("Belum menunjukkan sikap yang baik dalam aspek ",W46),IF(R46="SB",CONCATENATE("Sudah menunjukkan sikap yang sangat baik dalam aspek ",U46),IF(R46="B",CONCATENATE("Sudah menunjukkan sikap yang baik dalam aspek ",U46,", namun aspek ",W46," perlu ditingkatkan"),"")))
A47: 37 | B47: =IF(OR('Sikap (dari Siswa)'!E48="",'Sikap (dari Siswa)'!O48="",'Sikap (dari Guru)'!E53=""),"",(2*'Sikap (dari Guru)'!E53+'Sikap (dari Siswa)'!E48+'Sikap (dari Siswa)'!O48)/4) | C47: =IF(OR('Sikap (dari Siswa)'!F48="",'Sikap (dari Siswa)'!P48="",'Sikap (dari Guru)'!F53=""),"",(2*'Sikap (dari Guru)'!F53+'Sikap (dari Siswa)'!F48+'Sikap (dari Siswa)'!P48)/4) | D47: =IF(OR('Sikap (dari Siswa)'!G48="",'Sikap (dari Siswa)'!Q48="",'Sikap (dari Guru)'!G53=""),"",(2*'Sikap (dari Guru)'!G53+'Sikap (dari Siswa)'!G48+'Sikap (dari Siswa)'!Q48)/4) | E47: =IF(OR('Sikap (dari Siswa)'!H48="",'Sikap (dari Siswa)'!R48="",'Sikap (dari Guru)'!H53=""),"",(2*'Sikap (dari Guru)'!H53+'Sikap (dari Siswa)'!H48+'Sikap (dari Siswa)'!R48)/4) | F47: =IF(OR('Sikap (dari Siswa)'!I48="",'Sikap (dari Siswa)'!S48="",'Sikap (dari Guru)'!I53=""),"",(2*'Sikap (dari Guru)'!I53+'Sikap (dari Siswa)'!I48+'Sikap (dari Siswa)'!S48)/4) | G47: =IF(OR('Sikap (dari Siswa)'!J48="",'Sikap (dari Siswa)'!T48="",'Sikap (dari Guru)'!J53=""),"",(2*'Sikap (dari Guru)'!J53+'Sikap (dari Siswa)'!J48+'Sikap (dari Siswa)'!T48)/4) | H47: =IF(OR('Sikap (dari Siswa)'!K48="",'Sikap (dari Siswa)'!U48="",'Sikap (dari Guru)'!K53=""),"",(2*'Sikap (dari Guru)'!K53+'Sikap (dari Siswa)'!K48+'Sikap (dari Siswa)'!U48)/4) | I47: =IF(OR('Sikap (dari Siswa)'!L48="",'Sikap (dari Siswa)'!V48="",'Sikap (dari Guru)'!L53=""),"",(2*'Sikap (dari Guru)'!L53+'Sikap (dari Siswa)'!L48+'Sikap (dari Siswa)'!V48)/4) | ... K47: =IF(OR('Sikap (dari Siswa)'!N48="",'Sikap (dari Siswa)'!X48="",'Sikap (dari Guru)'!N53=""),"",(2*'Sikap (dari Guru)'!N53+'Sikap (dari Siswa)'!N48+'Sikap (dari Siswa)'!X48)/4) | L47: =IF('Sikap (dari Guru)'!O53="","",'Sikap (dari Guru)'!O53) | M47: =IF('Sikap (dari Guru)'!P53="","",'Sikap (dari Guru)'!P53) | N47: =IF('Sikap (dari Guru)'!Q53="","",'Sikap (dari Guru)'!Q53) | O47: =IF('Sikap (dari Guru)'!R53="","",'Sikap (dari Guru)'!R53) | P47: =IF('Sikap (dari Guru)'!S53="","",'Sikap (dari Guru)'!S53) | Q47: ='Sikap (dari Guru)'!T53 | R47: ='Sikap (dari Guru)'!U53 | S47: =IF(R47="SB", "sangat baik",IF(R47="B","baik",IF(R47="C","cukup",IF(R47="K","kurang","")))) | T47: =MAX(B47:K47) -> 0 | U47: =LOWER(INDEX($B$10:$K$10,1,MATCH(MAX(B47:K47),B47:K47,0))) -> #N/A | V47: =MIN(B47:K47) -> 0 | W47: =LOWER(INDEX($B$10:$K$10,1,MATCH(MIN(B47:K47),B47:K47,0))) -> #N/A | X47: =IF(OR(R47="C",R47="K"),CONCATENATE("Belum menunjukkan sikap yang baik dalam aspek ",W47),IF(R47="SB",CONCATENATE("Sudah menunjukkan sikap yang sangat baik dalam aspek ",U47),IF(R47="B",CONCATENATE("Sudah menunjukkan sikap yang baik dalam aspek ",U47,", namun aspek ",W47," perlu ditingkatkan"),"")))
A48: 38 | B48: =IF(OR('Sikap (dari Siswa)'!E49="",'Sikap (dari Siswa)'!O49="",'Sikap (dari Guru)'!E54=""),"",(2*'Sikap (dari Guru)'!E54+'Sikap (dari Siswa)'!E49+'Sikap (dari Siswa)'!O49)/4) | C48: =IF(OR('Sikap (dari Siswa)'!F49="",'Sikap (dari Siswa)'!P49="",'Sikap (dari Guru)'!F54=""),"",(2*'Sikap (dari Guru)'!F54+'Sikap (dari Siswa)'!F49+'Sikap (dari Siswa)'!P49)/4) | D48: =IF(OR('Sikap (dari Siswa)'!G49="",'Sikap (dari Siswa)'!Q49="",'Sikap (dari Guru)'!G54=""),"",(2*'Sikap (dari Guru)'!G54+'Sikap (dari Siswa)'!G49+'Sikap (dari Siswa)'!Q49)/4) | E48: =IF(OR('Sikap (dari Siswa)'!H49="",'Sikap (dari Siswa)'!R49="",'Sikap (dari Guru)'!H54=""),"",(2*'Sikap (dari Guru)'!H54+'Sikap (dari Siswa)'!H49+'Sikap (dari Siswa)'!R49)/4) | F48: =IF(OR('Sikap (dari Siswa)'!I49="",'Sikap (dari Siswa)'!S49="",'Sikap (dari Guru)'!I54=""),"",(2*'Sikap (dari Guru)'!I54+'Sikap (dari Siswa)'!I49+'Sikap (dari Siswa)'!S49)/4) | G48: =IF(OR('Sikap (dari Siswa)'!J49="",'Sikap (dari Siswa)'!T49="",'Sikap (dari Guru)'!J54=""),"",(2*'Sikap (dari Guru)'!J54+'Sikap (dari Siswa)'!J49+'Sikap (dari Siswa)'!T49)/4) | H48: =IF(OR('Sikap (dari Siswa)'!K49="",'Sikap (dari Siswa)'!U49="",'Sikap (dari Guru)'!K54=""),"",(2*'Sikap (dari Guru)'!K54+'Sikap (dari Siswa)'!K49+'Sikap (dari Siswa)'!U49)/4) | I48: =IF(OR('Sikap (dari Siswa)'!L49="",'Sikap (dari Siswa)'!V49="",'Sikap (dari Guru)'!L54=""),"",(2*'Sikap (dari Guru)'!L54+'Sikap (dari Siswa)'!L49+'Sikap (dari Siswa)'!V49)/4) | ... K48: =IF(OR('Sikap (dari Siswa)'!N49="",'Sikap (dari Siswa)'!X49="",'Sikap (dari Guru)'!N54=""),"",(2*'Sikap (dari Guru)'!N54+'Sikap (dari Siswa)'!N49+'Sikap (dari Siswa)'!X49)/4) | L48: =IF('Sikap (dari Guru)'!O54="","",'Sikap (dari Guru)'!O54) | M48: =IF('Sikap (dari Guru)'!P54="","",'Sikap (dari Guru)'!P54) | N48: =IF('Sikap (dari Guru)'!Q54="","",'Sikap (dari Guru)'!Q54) | O48: =IF('Sikap (dari Guru)'!R54="","",'Sikap (dari Guru)'!R54) | P48: =IF('Sikap (dari Guru)'!S54="","",'Sikap (dari Guru)'!S54) | Q48: ='Sikap (dari Guru)'!T54 | R48: ='Sikap (dari Guru)'!U54 | S48: =IF(R48="SB", "sangat baik",IF(R48="B","baik",IF(R48="C","cukup",IF(R48="K","kurang","")))) | T48: =MAX(B48:K48) -> 0 | U48: =LOWER(INDEX($B$10:$K$10,1,MATCH(MAX(B48:K48),B48:K48,0))) -> #N/A | V48: =MIN(B48:K48) -> 0 | W48: =LOWER(INDEX($B$10:$K$10,1,MATCH(MIN(B48:K48),B48:K48,0))) -> #N/A | X48: =IF(OR(R48="C",R48="K"),CONCATENATE("Belum menunjukkan sikap yang baik dalam aspek ",W48),IF(R48="SB",CONCATENATE("Sudah menunjukkan sikap yang sangat baik dalam aspek ",U48),IF(R48="B",CONCATENATE("Sudah menunjukkan sikap yang baik dalam aspek ",U48,", namun aspek ",W48," perlu ditingkatkan"),"")))

Sheet Pengetahuan
A1: ='Pengetahuan (rincian)'!A1 -> XIE RPL | M1: Confidential
C2: ="DAFTAR REKAP NILAI PESERTA DIDIK KELAS "&A1 -> DAFTAR REKAP NILAI PESERTA DIDIK KELAS XIE RPL
C3: ='Pengetahuan (rincian)'!C3 -> SMK TELKOM BANJARBARU
C4: ='Pengetahuan (rincian)'!C4 -> TAHUN PELAJARAN 2025-2026
A7: ='Pengetahuan (rincian)'!A6 -> MATA PELAJARAN : | D7: ='Pengetahuan (rincian)'!D6 -> BASIS DATA | M7: ='Pengetahuan (rincian)'!AV6 -> SEMESTER : GANJIL
A10: NO | B10: NOMOR INDUK | D10: NAMA SISWA | E10: REKAP NILAI ELEMEN | K10: DESKRIPSI
E11: NH | F11: PTS | G11: PAB/ PAS | H11: NA | I11: NR | J11: PRED
A12: =IF('Pengetahuan (rincian)'!A12="","",'Pengetahuan (rincian)'!A12) -> 1 | B12: ='Pengetahuan (rincian)'!B12 -> 543241108 | D12: ='Pengetahuan (rincian)'!D12 -> AHMAD FAIZH GIFFARY SYA'BANA | E12: ='Rekap Pengetahuan'!P11 -> 87 | F12: ='Rekap Pengetahuan'!Q11 -> 80 | G12: ='Rekap Pengetahuan'!R11 -> 90 | H12: =IF(OR(E12="",F12="",G12=""),"",ROUND((E12+F12+G12)/3,0)) -> 86 | I12: =IF(H12="","",IF(H12>=96,4,IF(H12>=91,3.66,IF(H12>=86,3.33,IF(H12>=81,3,IF(H12>=75,2.66,IF(H12>=70,2.33,IF(H12>=65,2,IF(H12>=60,1.66,IF(H12>=55,1.33,1)))))))))) -> 3.33 | J12: =IF(I12="","",IF(I12=4,"A",IF(I12=3.66,"A-",IF(I12=3.33,"B+",IF(I12=3,"B",IF(I12=2.66,"B-",IF(I12=2.33,"C+",IF(I12=2,"C",IF(I12=1.66,"C-",IF(I12=1.33,"D+","D")))))))))) -> B+ | K12: ='Rekap Pengetahuan'!Z11 -> Sudah memahami seluruh kompetensi, terutama dalam Memahami konsep dasar basis data
A13: =IF('Pengetahuan (rincian)'!A13="","",'Pengetahuan (rincian)'!A13) -> 2 | B13: ='Pengetahuan (rincian)'!B13 -> 543241071 | D13: ='Pengetahuan (rincian)'!D13 -> AHMAD SAJIDAN ATHAILLAH | E13: ='Rekap Pengetahuan'!P12 -> 87 | F13: ='Rekap Pengetahuan'!Q12 -> 80 | G13: ='Rekap Pengetahuan'!R12 -> 90 | H13: =IF(OR(E13="",F13="",G13=""),"",ROUND((E13+F13+G13)/3,0)) -> 86 | I13: =IF(H13="","",IF(H13>=96,4,IF(H13>=91,3.66,IF(H13>=86,3.33,IF(H13>=81,3,IF(H13>=75,2.66,IF(H13>=70,2.33,IF(H13>=65,2,IF(H13>=60,1.66,IF(H13>=55,1.33,1)))))))))) -> 3.33 | J13: =IF(I13="","",IF(I13=4,"A",IF(I13=3.66,"A-",IF(I13=3.33,"B+",IF(I13=3,"B",IF(I13=2.66,"B-",IF(I13=2.33,"C+",IF(I13=2,"C",IF(I13=1.66,"C-",IF(I13=1.33,"D+","D")))))))))) -> B+ | K13: ='Rekap Pengetahuan'!Z12 -> Sudah memahami seluruh kompetensi, terutama dalam Memahami konsep dasar basis data
A14: =IF('Pengetahuan (rincian)'!A14="","",'Pengetahuan (rincian)'!A14) -> 3 | B14: ='Pengetahuan (rincian)'!B14 -> 543241110 | D14: ='Pengetahuan (rincian)'!D14 -> AKHMAD SUPRIYADI | E14: ='Rekap Pengetahuan'!P13 -> 93 | F14: ='Rekap Pengetahuan'!Q13 -> 95 | G14: ='Rekap Pengetahuan'!R13 -> 92 | H14: =IF(OR(E14="",F14="",G14=""),"",ROUND((E14+F14+G14)/3,0)) -> 93 | I14: =IF(H14="","",IF(H14>=96,4,IF(H14>=91,3.66,IF(H14>=86,3.33,IF(H14>=81,3,IF(H14>=75,2.66,IF(H14>=70,2.33,IF(H14>=65,2,IF(H14>=60,1.66,IF(H14>=55,1.33,1)))))))))) -> 3.66 | J14: =IF(I14="","",IF(I14=4,"A",IF(I14=3.66,"A-",IF(I14=3.33,"B+",IF(I14=3,"B",IF(I14=2.66,"B-",IF(I14=2.33,"C+",IF(I14=2,"C",IF(I14=1.66,"C-",IF(I14=1.33,"D+","D")))))))))) -> A- | K14: ='Rekap Pengetahuan'!Z13 -> Sudah memahami seluruh kompetensi, terutama sangat baik dalam Mendeskripsikan Model Data dan Hubungan Antar Entitas
A15: =IF('Pengetahuan (rincian)'!A15="","",'Pengetahuan (rincian)'!A15) -> 4 | B15: ='Pengetahuan (rincian)'!B15 -> 543241112 | D15: ='Pengetahuan (rincian)'!D15 -> ALFIAH RAHMAWATI PUTRI | E15: ='Rekap Pengetahuan'!P14 -> 94 | F15: ='Rekap Pengetahuan'!Q14 -> 93 | G15: ='Rekap Pengetahuan'!R14 -> 95 | H15: =IF(OR(E15="",F15="",G15=""),"",ROUND((E15+F15+G15)/3,0)) -> 94 | I15: =IF(H15="","",IF(H15>=96,4,IF(H15>=91,3.66,IF(H15>=86,3.33,IF(H15>=81,3,IF(H15>=75,2.66,IF(H15>=70,2.33,IF(H15>=65,2,IF(H15>=60,1.66,IF(H15>=55,1.33,1)))))))))) -> 3.66 | J15: =IF(I15="","",IF(I15=4,"A",IF(I15=3.66,"A-",IF(I15=3.33,"B+",IF(I15=3,"B",IF(I15=2.66,"B-",IF(I15=2.33,"C+",IF(I15=2,"C",IF(I15=1.66,"C-",IF(I15=1.33,"D+","D")))))))))) -> A- | K15: ='Rekap Pengetahuan'!Z14 -> Sudah memahami seluruh kompetensi, terutama sangat baik dalam Memahami konsep dasar basis data
A16: =IF('Pengetahuan (rincian)'!A16="","",'Pengetahuan (rincian)'!A16) -> 5 | B16: ='Pengetahuan (rincian)'!B16 -> 543241113 | D16: ='Pengetahuan (rincian)'!D16 -> ARMAN DUARTE | E16: ='Rekap Pengetahuan'!P15 -> 93 | F16: ='Rekap Pengetahuan'!Q15 -> 95 | G16: ='Rekap Pengetahuan'!R15 -> 92 | H16: =IF(OR(E16="",F16="",G16=""),"",ROUND((E16+F16+G16)/3,0)) -> 93 | I16: =IF(H16="","",IF(H16>=96,4,IF(H16>=91,3.66,IF(H16>=86,3.33,IF(H16>=81,3,IF(H16>=75,2.66,IF(H16>=70,2.33,IF(H16>=65,2,IF(H16>=60,1.66,IF(H16>=55,1.33,1)))))))))) -> 3.66 | J16: =IF(I16="","",IF(I16=4,"A",IF(I16=3.66,"A-",IF(I16=3.33,"B+",IF(I16=3,"B",IF(I16=2.66,"B-",IF(I16=2.33,"C+",IF(I16=2,"C",IF(I16=1.66,"C-",IF(I16=1.33,"D+","D")))))))))) -> A- | K16: ='Rekap Pengetahuan'!Z15 -> Sudah memahami seluruh kompetensi, terutama sangat baik dalam Mendeskripsikan Model Data dan Hubungan Antar Entitas
A17: =IF('Pengetahuan (rincian)'!A17="","",'Pengetahuan (rincian)'!A17) -> 6 | B17: ='Pengetahuan (rincian)'!B17 -> 543241114 | D17: ='Pengetahuan (rincian)'!D17 -> AULIA AGUSTIANTI RAMADHANI | E17: ='Rekap Pengetahuan'!P16 -> 94 | F17: ='Rekap Pengetahuan'!Q16 -> 93 | G17: ='Rekap Pengetahuan'!R16 -> 95 | H17: =IF(OR(E17="",F17="",G17=""),"",ROUND((E17+F17+G17)/3,0)) -> 94 | I17: =IF(H17="","",IF(H17>=96,4,IF(H17>=91,3.66,IF(H17>=86,3.33,IF(H17>=81,3,IF(H17>=75,2.66,IF(H17>=70,2.33,IF(H17>=65,2,IF(H17>=60,1.66,IF(H17>=55,1.33,1)))))))))) -> 3.66 | J17: =IF(I17="","",IF(I17=4,"A",IF(I17=3.66,"A-",IF(I17=3.33,"B+",IF(I17=3,"B",IF(I17=2.66,"B-",IF(I17=2.33,"C+",IF(I17=2,"C",IF(I17=1.66,"C-",IF(I17=1.33,"D+","D")))))))))) -> A- | K17: ='Rekap Pengetahuan'!Z16 -> Sudah memahami seluruh kompetensi, terutama sangat baik dalam Memahami konsep dasar basis data
A18: =IF('Pengetahuan (rincian)'!A18="","",'Pengetahuan (rincian)'!A18) -> 7 | B18: ='Pengetahuan (rincian)'!B18 -> 543241025 | D18: ='Pengetahuan (rincian)'!D18 -> BETARUS MARCHIANO BOANERGES | E18: ='Rekap Pengetahuan'!P17 -> 92 | F18: ='Rekap Pengetahuan'!Q17 -> 95 | G18: ='Rekap Pengetahuan'!R17 -> 90 | H18: =IF(OR(E18="",F18="",G18=""),"",ROUND((E18+F18+G18)/3,0)) -> 92 | I18: =IF(H18="","",IF(H18>=96,4,IF(H18>=91,3.66,IF(H18>=86,3.33,IF(H18>=81,3,IF(H18>=75,2.66,IF(H18>=70,2.33,IF(H18>=65,2,IF(H18>=60,1.66,IF(H18>=55,1.33,1)))))))))) -> 3.66 | J18: =IF(I18="","",IF(I18=4,"A",IF(I18=3.66,"A-",IF(I18=3.33,"B+",IF(I18=3,"B",IF(I18=2.66,"B-",IF(I18=2.33,"C+",IF(I18=2,"C",IF(I18=1.66,"C-",IF(I18=1.33,"D+","D")))))))))) -> A- | K18: ='Rekap Pengetahuan'!Z17 -> Sudah memahami seluruh kompetensi, terutama sangat baik dalam Mendeskripsikan Model Data dan Hubungan Antar Entitas
A19: =IF('Pengetahuan (rincian)'!A19="","",'Pengetahuan (rincian)'!A19) -> 8 | B19: ='Pengetahuan (rincian)'!B19 -> 543241078 | D19: ='Pengetahuan (rincian)'!D19 -> DANIEL DIMAS NUGROHO | E19: ='Rekap Pengetahuan'!P18 -> 90 | F19: ='Rekap Pengetahuan'!Q18 -> 95 | G19: ='Rekap Pengetahuan'!R18 -> 88 | H19: =IF(OR(E19="",F19="",G19=""),"",ROUND((E19+F19+G19)/3,0)) -> 91 | I19: =IF(H19="","",IF(H19>=96,4,IF(H19>=91,3.66,IF(H19>=86,3.33,IF(H19>=81,3,IF(H19>=75,2.66,IF(H19>=70,2.33,IF(H19>=65,2,IF(H19>=60,1.66,IF(H19>=55,1.33,1)))))))))) -> 3.66 | J19: =IF(I19="","",IF(I19=4,"A",IF(I19=3.66,"A-",IF(I19=3.33,"B+",IF(I19=3,"B",IF(I19=2.66,"B-",IF(I19=2.33,"C+",IF(I19=2,"C",IF(I19=1.66,"C-",IF(I19=1.33,"D+","D")))))))))) -> A- | K19: ='Rekap Pengetahuan'!Z18 -> Sudah memahami seluruh kompetensi, terutama sangat baik dalam Mendeskripsikan Model Data dan Hubungan Antar Entitas
A20: =IF('Pengetahuan (rincian)'!A20="","",'Pengetahuan (rincian)'!A20) -> 9 | B20: ='Pengetahuan (rincian)'!B20 -> 543241080 | D20: ='Pengetahuan (rincian)'!D20 -> DEDE FEBRYLIANTONI | E20: ='Rekap Pengetahuan'!P19 -> 90 | F20: ='Rekap Pengetahuan'!Q19 -> 95 | G20: ='Rekap Pengetahuan'!R19 -> 88 | H20: =IF(OR(E20="",F20="",G20=""),"",ROUND((E20+F20+G20)/3,0)) -> 91 | I20: =IF(H20="","",IF(H20>=96,4,IF(H20>=91,3.66,IF(H20>=86,3.33,IF(H20>=81,3,IF(H20>=75,2.66,IF(H20>=70,2.33,IF(H20>=65,2,IF(H20>=60,1.66,IF(H20>=55,1.33,1)))))))))) -> 3.66 | J20: =IF(I20="","",IF(I20=4,"A",IF(I20=3.66,"A-",IF(I20=3.33,"B+",IF(I20=3,"B",IF(I20=2.66,"B-",IF(I20=2.33,"C+",IF(I20=2,"C",IF(I20=1.66,"C-",IF(I20=1.33,"D+","D")))))))))) -> A- | K20: ='Rekap Pengetahuan'!Z19 -> Sudah memahami seluruh kompetensi, terutama sangat baik dalam Mendeskripsikan Model Data dan Hubungan Antar Entitas
A21: =IF('Pengetahuan (rincian)'!A21="","",'Pengetahuan (rincian)'!A21) -> 10 | B21: ='Pengetahuan (rincian)'!B21 -> 543241081 | D21: ='Pengetahuan (rincian)'!D21 -> GHANIY PUTRI AR RAZZAQ | E21: ='Rekap Pengetahuan'!P20 -> 93 | F21: ='Rekap Pengetahuan'!Q20 -> 90 | G21: ='Rekap Pengetahuan'!R20 -> 95 | H21: =IF(OR(E21="",F21="",G21=""),"",ROUND((E21+F21+G21)/3,0)) -> 93 | I21: =IF(H21="","",IF(H21>=96,4,IF(H21>=91,3.66,IF(H21>=86,3.33,IF(H21>=81,3,IF(H21>=75,2.66,IF(H21>=70,2.33,IF(H21>=65,2,IF(H21>=60,1.66,IF(H21>=55,1.33,1)))))))))) -> 3.66 | J21: =IF(I21="","",IF(I21=4,"A",IF(I21=3.66,"A-",IF(I21=3.33,"B+",IF(I21=3,"B",IF(I21=2.66,"B-",IF(I21=2.33,"C+",IF(I21=2,"C",IF(I21=1.66,"C-",IF(I21=1.33,"D+","D")))))))))) -> A- | K21: ='Rekap Pengetahuan'!Z20 -> Sudah memahami seluruh kompetensi, terutama sangat baik dalam Memahami konsep dasar basis data
A22: =IF('Pengetahuan (rincian)'!A22="","",'Pengetahuan (rincian)'!A22) -> 11 | B22: ='Pengetahuan (rincian)'!B22 -> 543241119 | D22: ='Pengetahuan (rincian)'!D22 -> HAIKA MEZZIA AVEIRA | E22: ='Rekap Pengetahuan'!P21 -> 95 | F22: ='Rekap Pengetahuan'!Q21 -> 95 | G22: ='Rekap Pengetahuan'!R21 -> 95 | H22: =IF(OR(E22="",F22="",G22=""),"",ROUND((E22+F22+G22)/3,0)) -> 95 | I22: =IF(H22="","",IF(H22>=96,4,IF(H22>=91,3.66,IF(H22>=86,3.33,IF(H22>=81,3,IF(H22>=75,2.66,IF(H22>=70,2.33,IF(H22>=65,2,IF(H22>=60,1.66,IF(H22>=55,1.33,1)))))))))) -> 3.66 | J22: =IF(I22="","",IF(I22=4,"A",IF(I22=3.66,"A-",IF(I22=3.33,"B+",IF(I22=3,"B",IF(I22=2.66,"B-",IF(I22=2.33,"C+",IF(I22=2,"C",IF(I22=1.66,"C-",IF(I22=1.33,"D+","D")))))))))) -> A- | K22: ='Rekap Pengetahuan'!Z21 -> Sudah memahami seluruh kompetensi, terutama sangat baik dalam Memahami konsep dasar basis data
A23: =IF('Pengetahuan (rincian)'!A23="","",'Pengetahuan (rincian)'!A23) -> 12 | B23: ='Pengetahuan (rincian)'!B23 -> 543241009 | D23: ='Pengetahuan (rincian)'!D23 -> KEVIN APTA | E23: ='Rekap Pengetahuan'!P22 -> 93 | F23: ='Rekap Pengetahuan'!Q22 -> 90 | G23: ='Rekap Pengetahuan'!R22 -> 95 | H23: =IF(OR(E23="",F23="",G23=""),"",ROUND((E23+F23+G23)/3,0)) -> 93 | I23: =IF(H23="","",IF(H23>=96,4,IF(H23>=91,3.66,IF(H23>=86,3.33,IF(H23>=81,3,IF(H23>=75,2.66,IF(H23>=70,2.33,IF(H23>=65,2,IF(H23>=60,1.66,IF(H23>=55,1.33,1)))))))))) -> 3.66 | J23: =IF(I23="","",IF(I23=4,"A",IF(I23=3.66,"A-",IF(I23=3.33,"B+",IF(I23=3,"B",IF(I23=2.66,"B-",IF(I23=2.33,"C+",IF(I23=2,"C",IF(I23=1.66,"C-",IF(I23=1.33,"D+","D")))))))))) -> A- | K23: ='Rekap Pengetahuan'!Z22 -> Sudah memahami seluruh kompetensi, terutama sangat baik dalam Memahami konsep dasar basis data
